{

"metadata":
{
"sourceFile": "card_deck.max",
"generatedBy": "3ds max ThreeJSExporter",
"formatVersion": 3,
"vertices": 96,
"normals": 96,
"colors": 0,
"uvs": 104,
"triangles": 94,
"materials": 2
},

"materials": [
{
"DbgIndex" : 0,
"DbgName"  : "02 - Default",
"colorDiffuse"  : [0.5882, 0.5882, 0.5882],
"colorAmbient"  : [0.5882, 0.5882, 0.5882],
"colorSpecular"  : [0.9000, 0.9000, 0.9000],
"transparency"  : 1.0,
"specularCoef"  : 10.0,
"mapDiffuseWrap"    : ["repeat", "repeat"],
"mapDiffuse"    : "card_back.png",
"vertexColors" : false
},

{
"DbgIndex" : 1,
"DbgName"  : "01 - Default",
"colorDiffuse"  : [0.5880, 0.5880, 0.5880],
"colorAmbient"  : [0.5880, 0.5880, 0.5880],
"colorSpecular"  : [0.9000, 0.9000, 0.9000],
"transparency"  : 1.0,
"specularCoef"  : 10.0,
"mapDiffuseWrap"    : ["repeat", "repeat"],
"mapDiffuse"    : "card_gradient.png",
"vertexColors" : false
}

],

"vertices": [0.463016,0.198425,0.65652,0.466396,0.198425,0.649867,0.466396,0.198425,-0.658543,0.465232,0.198425,-0.667791,0.461974,0.198425,-0.674945,0.45697,0.198425,-0.680353,0.450571,0.198425,-0.684365,0.443124,0.198425,-0.68733,0.434978,0.198425,-0.689597,0.426484,0.198425,-0.691514,-0.415133,0.198425,-0.691514,-0.425615,0.198425,-0.690553,-0.433548,0.198425,-0.687861,-0.439356,0.198425,-0.683728,-0.443464,0.198425,-0.678441,-0.446297,0.198425,-0.672289,-0.44828,0.198425,-0.66556,-0.449839,0.198425,-0.658543,-0.449839,0.198425,0.646396,-0.447694,0.198425,0.657521,-0.444365,0.198425,0.665915,-0.440049,0.198425,0.672031,-0.434944,0.198425,0.676326,-0.429248,0.198425,0.679256,-0.423157,0.198425,0.681274,-0.416868,0.198425,0.682837,0.43169,0.198425,0.682837,0.439213,0.198425,0.681284,0.445552,0.198425,0.678274,0.450904,0.198425,0.67405,0.455468,0.198425,0.668854,0.459439,0.198425,0.66293,-0.447694,0.0,0.657521,-0.444365,0.0,0.665915,-0.440049,0.0,0.672031,-0.434944,0.0,0.676326,-0.429248,0.0,0.679256,-0.423157,0.0,0.681274,-0.416868,0.0,0.682837,0.43169,0.0,0.682837,0.439213,0.0,0.681284,0.445552,0.0,0.678274,0.450904,0.0,0.67405,0.455468,0.0,0.668854,0.459439,0.0,0.66293,0.463016,0.0,0.65652,0.466396,0.0,0.649867,0.466396,0.0,-0.658543,0.465232,0.0,-0.667791,0.461974,0.0,-0.674945,0.45697,0.0,-0.680353,0.450571,0.0,-0.684365,0.443124,0.0,-0.68733,0.434978,0.0,-0.689597,0.426484,0.0,-0.691514,-0.415133,0.0,-0.691514,-0.425615,0.0,-0.690553,-0.433548,0.0,-0.687861,-0.439356,0.0,-0.683728,-0.443464,0.0,-0.678441,-0.446297,0.0,-0.672289,-0.44828,0.0,-0.66556,-0.449839,0.0,-0.658543,-0.449839,0.0,0.646396,0.463016,0.198425,0.65652,0.466396,0.198425,0.649867,0.466396,0.198425,-0.658543,0.465232,0.198425,-0.667791,0.461974,0.198425,-0.674945,0.45697,0.198425,-0.680353,0.450571,0.198425,-0.684365,0.443124,0.198425,-0.68733,0.434978,0.198425,-0.689597,0.426484,0.198425,-0.691514,-0.415133,0.198425,-0.691514,-0.425615,0.198425,-0.690553,-0.433548,0.198425,-0.687861,-0.439356,0.198425,-0.683728,-0.443464,0.198425,-0.678441,-0.446297,0.198425,-0.672289,-0.44828,0.198425,-0.66556,-0.449839,0.198425,-0.658543,-0.449839,0.198425,0.646396,-0.447694,0.198425,0.657521,-0.444365,0.198425,0.665915,-0.440049,0.198425,0.672031,-0.434944,0.198425,0.676326,-0.429248,0.198425,0.679256,-0.423157,0.198425,0.681274,-0.416868,0.198425,0.682837,0.43169,0.198425,0.682837,0.439213,0.198425,0.681284,0.445552,0.198425,0.678274,0.450904,0.198425,0.67405,0.455468,0.198425,0.668854,0.459439,0.198425,0.66293],

"normals": [0.0,1.0,0.0,0.0,1.0,0.0,0.0,1.0,0.0,0.0,1.0,0.0,0.0,1.0,0.0,0.0,1.0,0.0,0.0,1.0,0.0,0.0,1.0,0.0,0.0,1.0,0.0,0.0,1.0,0.0,0.0,1.0,0.0,0.0,1.0,0.0,0.0,1.0,0.0,0.0,1.0,0.0,0.0,1.0,0.0,0.0,1.0,0.0,0.0,1.0,0.0,0.0,1.0,0.0,0.0,1.0,0.0,0.0,1.0,0.0,0.0,1.0,0.0,0.0,1.0,0.0,0.0,1.0,0.0,0.0,1.0,0.0,0.0,1.0,0.0,0.0,1.0,0.0,0.0,1.0,0.0,0.0,1.0,0.0,0.0,1.0,0.0,0.0,1.0,0.0,0.0,1.0,0.0,0.0,1.0,0.0,-0.981915,0.0,0.189324,-0.929552,0.0,0.36869,-0.817101,0.0,0.576495,-0.643827,0.0,0.765171,-0.457309,0.0,0.889308,-0.314564,0.0,0.949236,-0.241244,0.0,0.970464,0.0,0.0,1.0,0.202186,0.0,0.979347,0.428964,0.0,0.903322,0.619524,0.0,0.784978,0.751351,0.0,0.659903,0.830623,0.0,0.556835,0.891562,0.0,0.452898,0.891562,0.0,0.452898,1.0,0.0,0.0,0.992178,0.0,-0.124833,0.910054,0.0,-0.41449,0.734044,0.0,-0.679102,0.531147,0.0,-0.84728,0.369875,0.0,-0.929082,0.268072,0.0,-0.963399,0.220181,0.0,-0.975459,0.0,0.0,-1.0,-0.0913102,0.0,-0.995822,-0.321301,0.0,-0.946977,-0.579827,0.0,-0.81474,-0.789638,0.0,-0.613573,-0.908302,0.0,-0.418316,-0.959209,0.0,-0.282699,-0.97622,0.0,-0.21678,-1.0,0.0,0.0,0.891562,0.0,0.452898,0.891562,0.0,0.452898,1.0,0.0,0.0,0.992178,0.0,-0.124833,0.910054,0.0,-0.41449,0.734044,0.0,-0.679102,0.531147,0.0,-0.84728,0.369875,0.0,-0.929082,0.268072,0.0,-0.963399,0.220181,0.0,-0.975459,0.0,0.0,-1.0,-0.0913102,0.0,-0.995822,-0.321301,0.0,-0.946977,-0.579827,0.0,-0.81474,-0.789638,0.0,-0.613573,-0.908302,0.0,-0.418316,-0.959209,0.0,-0.282699,-0.97622,0.0,-0.21678,-1.0,0.0,0.0,-0.981915,0.0,0.189324,-0.929552,0.0,0.36869,-0.817101,0.0,0.576495,-0.643827,0.0,0.765171,-0.457309,0.0,0.889308,-0.314564,0.0,0.949236,-0.241244,0.0,0.970464,0.0,0.0,1.0,0.202186,0.0,0.979347,0.428964,0.0,0.903322,0.619524,0.0,0.784978,0.751351,0.0,0.659903,0.830623,0.0,0.556835],

"colors": [],

"uvs": [[0.995815,0.0196296,0.9995,0.0244654,0.999501,0.975534,0.998232,0.982257,0.994679,0.987457,0.989224,0.991388,0.982246,0.994304,0.974126,0.996459,0.965245,0.998107,0.955983,0.9995,0.0383408,0.9995,0.0269113,0.998802,0.0182619,0.996845,0.0119294,0.993841,0.00745025,0.989998,0.00436109,0.985526,0.00219885,0.980635,0.000499874,0.975535,0.000499517,0.0269883,0.00283834,0.0189016,0.006468,0.0128008,0.0111733,0.00835466,0.0167391,0.00523257,0.0229502,0.00310326,0.0295918,0.001636,0.0364484,0.000499666,0.961659,0.000499547,0.969862,0.00162846,0.976774,0.00381657,0.98261,0.00688726,0.987585,0.010664,0.991915,0.0149702,1.16186,1.60315,1.17025,1.60315,1.17637,1.60315,0.0567769,1.60315,0.0624734,1.60315,0.0685647,1.60315,0.0748532,1.60315,0.923411,1.60315,0.930934,1.60315,0.937273,1.60315,0.942626,1.60315,-0.173192,1.60315,-0.167268,1.60315,-0.160858,1.60315,-0.154205,1.60315,1.1542,1.60315,1.16345,1.60315,1.17061,1.60315,1.17602,1.60315,0.0577077,1.60315,0.0651548,1.60315,0.0733001,1.60315,0.0817944,1.60315,0.923411,1.60315,0.933894,1.60315,0.941826,1.60315,0.947634,1.60315,-0.174103,1.60315,-0.167951,1.60315,-0.161222,1.60315,-0.154205,1.60315,1.15073,1.60315,-0.160858,2.39685,-0.154205,2.39685,1.1542,2.39685,1.16345,2.39685,1.17061,2.39685,1.17602,2.39685,0.0577077,2.39685,0.0651548,2.39685,0.0733001,2.39685,0.0817944,2.39685,0.923411,2.39685,0.933894,2.39685,0.941826,2.39685,0.947634,2.39685,-0.174103,2.39685,-0.167951,2.39685,-0.161222,2.39685,-0.154205,2.39685,1.15073,2.39685,1.16186,2.39685,1.17025,2.39685,1.17637,2.39685,0.0567769,2.39685,0.0624734,2.39685,0.0685647,2.39685,0.0748532,2.39685,0.923411,2.39685,0.930934,2.39685,0.937273,2.39685,0.942626,2.39685,-0.173192,2.39685,-0.167268,2.39685,0.051308,1.60315,0.051308,2.39685,-0.17939,1.60315,-0.17939,2.39685,0.0516722,1.60315,0.0516722,2.39685,-0.178388,1.60315,-0.178388,2.39685]],