{

"metadata":
{
"sourceFile": "card.max",
"generatedBy": "3ds max ThreeJSExporter",
"formatVersion": 3,
"vertices": 64,
"normals": 60,
"colors": 0,
"uvs": 64,
"triangles": 60,
"materials": 2
},

"materials": [
{
"DbgIndex" : 0,
"DbgName"  : "01 - Default",
"colorDiffuse"  : [0.5880, 0.5880, 0.5880],
"colorAmbient"  : [0.5880, 0.5880, 0.5880],
"colorSpecular"  : [0.9000, 0.9000, 0.9000],
"transparency"  : 1.0,
"specularCoef"  : 10.0,
"mapDiffuseWrap"    : ["repeat", "repeat"],
"mapDiffuse"    : "card_fs.png",
"vertexColors" : false
},

{
"DbgIndex" : 1,
"DbgName"  : "02 - Default",
"colorDiffuse"  : [0.5882, 0.5882, 0.5882],
"colorAmbient"  : [0.5882, 0.5882, 0.5882],
"colorSpecular"  : [0.9000, 0.9000, 0.9000],
"transparency"  : 1.0,
"specularCoef"  : 10.0,
"mapDiffuseWrap"    : ["repeat", "repeat"],
"mapDiffuse"    : "card_back.png",
"vertexColors" : false
}

],

"vertices": [-0.456213,-0.000688077,0.65652,-0.459592,-0.000688078,0.649867,-0.459592,-0.000688078,-0.658543,-0.458429,-0.000688078,-0.667791,-0.455171,-0.000688077,-0.674945,-0.450167,-0.000688076,-0.680353,-0.443767,-0.000688075,-0.684365,-0.43632,-0.000688074,-0.68733,-0.428175,-0.000688073,-0.689597,-0.419681,-0.000688072,-0.691514,0.421936,-0.000687945,-0.691514,0.432419,-0.000687943,-0.690553,0.440351,-0.000687942,-0.687861,0.446159,-0.000687941,-0.683728,0.450267,-0.000687941,-0.678441,0.453101,-0.00068794,-0.672289,0.455084,-0.00068794,-0.66556,0.456642,-0.000687939,-0.658543,0.456642,-0.000687939,0.646396,0.454497,-0.00068794,0.657521,0.451168,-0.00068794,0.665915,0.446852,-0.000687941,0.672031,0.441748,-0.000687942,0.676326,0.436051,-0.000687942,0.679256,0.42996,-0.000687943,0.681274,0.423671,-0.000687944,0.682837,-0.424887,-0.000688073,0.682837,-0.43241,-0.000688074,0.681284,-0.438749,-0.000688075,0.678274,-0.444101,-0.000688076,0.67405,-0.448665,-0.000688076,0.668854,-0.452636,-0.000688077,0.66293,0.455462,0.000824086,0.65652,0.458842,0.000824086,0.649867,0.458842,0.000824086,-0.658543,0.457678,0.000824086,-0.667791,0.45442,0.000824086,-0.674945,0.449417,0.000824086,-0.680353,0.443017,0.000824087,-0.684365,0.43557,0.000824086,-0.68733,0.427425,0.000824086,-0.689597,0.41893,0.000824086,-0.691514,-0.422686,0.000824086,-0.691514,-0.433169,0.000824086,-0.690553,-0.441102,0.000824086,-0.687861,-0.44691,0.000824087,-0.683728,-0.451018,0.000824086,-0.678441,-0.453851,0.000824086,-0.672289,-0.455834,0.000824086,-0.66556,-0.457392,0.000824086,-0.658543,-0.457392,0.000824086,0.646396,-0.455247,0.000824086,0.657521,-0.451918,0.000824086,0.665915,-0.447603,0.000824086,0.672031,-0.442498,0.000824086,0.676326,-0.436802,0.000824087,0.679256,-0.43071,0.000824086,0.681274,-0.424422,0.000824086,0.682837,0.424136,0.000824086,0.682837,0.431659,0.000824086,0.681284,0.437998,0.000824086,0.678274,0.443351,0.000824086,0.67405,0.447914,0.000824087,0.668854,0.451886,0.000824086,0.66293],

"normals": [1.72236e-007,-1.0,0.0,0.0,-1.0,-1.52811e-007,0.0,-1.0,0.0,2.46086e-007,-1.0,0.0,1.46579e-007,-1.0,0.0,1.21683e-007,-1.0,0.0,1.87575e-007,-1.0,0.0,1.5098e-007,-1.0,0.0,1.49135e-007,-1.0,0.0,1.51294e-007,-1.0,0.0,1.4968e-007,-1.0,0.0,1.49737e-007,-1.0,0.0,1.52372e-007,-1.0,0.0,1.50999e-007,-1.0,0.0,1.51009e-007,-1.0,0.0,1.51009e-007,-1.0,0.0,1.59498e-007,-1.0,0.0,1.46988e-007,-1.0,0.0,1.4971e-007,-1.0,0.0,1.56527e-007,-1.0,0.0,1.45114e-007,-1.0,0.0,1.60389e-007,-1.0,0.0,1.40568e-007,-1.0,0.0,1.51048e-007,-1.0,0.0,1.54758e-007,-1.0,0.0,1.37596e-007,-1.0,0.0,1.96234e-007,-1.0,0.0,0.0,-1.0,0.0,1.76078e-007,-1.0,0.0,1.29994e-007,-1.0,0.0,0.0,1.0,0.0,0.0,1.0,0.0,0.0,1.0,0.0,0.0,1.0,0.0,0.0,1.0,0.0,0.0,1.0,0.0,0.0,1.0,0.0,0.0,1.0,0.0,0.0,1.0,0.0,0.0,1.0,0.0,0.0,1.0,0.0,0.0,1.0,0.0,0.0,1.0,0.0,0.0,1.0,0.0,0.0,1.0,0.0,0.0,1.0,0.0,0.0,1.0,0.0,0.0,1.0,0.0,0.0,1.0,0.0,0.0,1.0,0.0,0.0,1.0,0.0,0.0,1.0,0.0,0.0,1.0,0.0,0.0,1.0,0.0,0.0,1.0,0.0,0.0,1.0,0.0,0.0,1.0,0.0,0.0,1.0,0.0,0.0,1.0,0.0,0.0,1.0,0.0],

"colors": [],

"uvs": [[0.995816,0.265838,0.999501,0.269454,0.9995,0.980546,0.998231,0.985572,0.994679,0.98946,0.989223,0.9924,0.982246,0.99458,0.974126,0.996191,0.965245,0.997423,0.955983,0.998465,0.0383404,0.998465,0.0269109,0.997943,0.0182616,0.99648,0.011929,0.994233,0.00744987,0.99136,0.00436074,0.988017,0.00219846,0.98436,0.000499487,0.980546,0.000499845,0.27134,0.00283873,0.265294,0.00646836,0.260732,0.0111737,0.257408,0.0167395,0.255074,0.0229506,0.253482,0.0295922,0.252385,0.0364488,0.251535,0.96166,0.251535,0.969862,0.252379,0.976774,0.254015,0.98261,0.256311,0.987586,0.259135,0.991916,0.262354,0.00418466,0.0196296,0.000499845,0.0244654,0.000499487,0.975534,0.00176817,0.982257,0.00532067,0.987457,0.0107762,0.991388,0.017754,0.994304,0.0258738,0.996459,0.0347549,0.998107,0.0440166,0.9995,0.961659,0.9995,0.973089,0.998802,0.981738,0.996845,0.988071,0.993841,0.99255,0.989998,0.995639,0.985526,0.997801,0.980635,0.9995,0.975535,0.999501,0.0269883,0.997162,0.0189016,0.993532,0.0128008,0.988827,0.00835466,0.983261,0.00523257,0.97705,0.00310326,0.970408,0.001636,0.963552,0.000499666,0.0383408,0.000499547,0.0301383,0.00162846,0.0232265,0.00381657,0.0173904,0.00688726,0.0124148,0.010664,0.0080846,0.0149702]],

"faces": [42,0,1,2,0,0,1,2,0,0,0,42,3,4,5,0,3,4,5,1,1,1,42,3,5,6,0,3,5,6,2,2,2,42,2,3,6,0,2,3,6,3,3,3,42,2,6,7,0,2,6,7,4,4,4,42,2,7,8,0,2,7,8,5,5,5,42,2,8,9,0,2,8,9,6,6,6,42,2,9,10,0,2,9,10,7,7,7,42,2,10,11,0,2,10,11,8,8,8,42,2,11,12,0,2,11,12,9,9,9,42,2,12,13,0,2,12,13,10,10,10,42,2,13,14,0,2,13,14,11,11,11,42,2,14,15,0,2,14,15,12,12,12,42,2,15,16,0,2,15,16,13,13,13,42,2,16,17,0,2,16,17,14,14,14,42,2,17,18,0,2,17,18,15,15,15,42,2,18,19,0,2,18,19,16,16,16,42,2,19,20,0,2,19,20,17,17,17,42,2,20,21,0,2,20,21,18,18,18,42,2,21,22,0,2,21,22,19,19,19,42,2,22,23,0,2,22,23,20,20,20,42,2,23,24,0,2,23,24,21,21,21,42,2,24,25,0,2,24,25,22,22,22,42,2,25,26,0,2,25,26,23,23,23,42,2,26,27,0,2,26,27,24,24,24,42,2,27,28,0,2,27,28,25,25,25,42,2,28,29,0,2,28,29,26,26,26,42,2,29,30,0,2,29,30,27,27,27,42,2,30,31,0,2,30,31,28,28,28,42,0,2,31,0,0,2,31,29,29,29,42,32,33,34,1,32,33,34,30,30,30,42,35,36,37,1,35,36,37,31,31,31,42,35,37,38,1,35,37,38,32,32,32,42,34,35,38,1,34,35,38,33,33,33,42,34,38,39,1,34,38,39,34,34,34,42,34,39,40,1,34,39,40,35,35,35,42,34,40,41,1,34,40,41,36,36,36,42,34,41,42,1,34,41,42,37,37,37,42,34,42,43,1,34,42,43,38,38,38,42,34,43,44,1,34,43,44,39,39,39,42,34,44,45,1,34,44,45,40,40,40,42,34,45,46,1,34,45,46,41,41,41,42,34,46,47,1,34,46,47,42,42,42,42,34,47,48,1,34,47,48,43,43,43,42,34,48,49,1,34,48,49,44,44,44,42,34,49,50,1,34,49,50,45,45,45,42,34,50,51,1,34,50,51,46,46,46,42,34,51,52,1,34,51,52,47,47,47,42,34,52,53,1,34,52,53,48,48,48,42,34,53,54,1,34,53,54,49,49,49,42,34,54,55,1,34,54,55,50,50,50,42,34,55,56,1,34,55,56,51,51,51,42,34,56,57,1,34,56,57,52,52,52,42,34,57,58,1,34,57,58,53,53,53,42,34,58,59,1,34,58,59,54,54,54,42,34,59,60,1,34,59,60,55,55,55,42,34,60,61,1,34,60,61,56,56,56,42,34,61,62,1,34,61,62,57,57,57,42,34,62,63,1,34,62,63,58,58,58,42,32,34,63,1,32,34,63,59,59,59]

}