{

"metadata":
{
"sourceFile": "field.max",
"generatedBy": "3ds max ThreeJSExporter",
"formatVersion": 3,
"vertices": 28,
"normals": 26,
"colors": 0,
"uvs": 28,
"triangles": 26,
"materials": 1
},

"materials": [
{
"DbgIndex" : 0,
"DbgName"  : "01 - Default",
"colorDiffuse"  : [0.5882, 0.5882, 0.5882],
"colorAmbient"  : [0.5882, 0.5882, 0.5882],
"colorSpecular"  : [0.9000, 0.9000, 0.9000],
"transparency"  : 1.0,
"specularCoef"  : 20,
"mapDiffuse"    : "field.png",
"vertexColors" : false,
"mapSpecularWrap": ["repeat", "repeat"],
"mapSpecular"    : "canvas.jpg",
"shading": "Phong"
}

],

"vertices": [9.86208,0.0,-0.00231552,8.65213,0.0,-2.0427,8.85708,0.0,-4.34484,6.92986,0.0,-5.56994,6.15971,0.0,-7.70971,3.89692,0.0,-8.00123,2.24645,0.0,-9.62046,-0.017239,0.0,-8.90709,-2.28093,0.0,-9.62046,-3.93139,0.0,-8.00123,-6.19418,0.0,-7.70971,-6.96434,0.0,-5.56994,-8.89155,0.0,-4.34484,-8.6866,0.0,-2.0427,-9.89656,0.0,-0.00231466,-8.6866,0.0,2.03807,-8.89155,0.0,4.34021,-6.96434,0.0,5.56531,-6.19418,0.0,7.70508,-3.93139,0.0,7.99659,-2.28092,0.0,9.61583,-0.0172385,0.0,8.90246,2.24645,0.0,9.61583,3.89692,0.0,7.9966,6.15971,0.0,7.70508,6.92986,0.0,5.56531,8.85708,0.0,4.34021,8.65213,0.0,2.03807],

"normals": [0.0,1.0,0.0,0.0,1.0,0.0,0.0,1.0,0.0,0.0,1.0,0.0,0.0,1.0,0.0,0.0,1.0,0.0,0.0,1.0,0.0,0.0,1.0,0.0,0.0,1.0,0.0,0.0,1.0,0.0,0.0,1.0,0.0,0.0,1.0,0.0,0.0,1.0,0.0,0.0,1.0,0.0,0.0,1.0,0.0,0.0,1.0,0.0,0.0,1.0,0.0,0.0,1.0,0.0,0.0,1.0,0.0,0.0,1.0,0.0,0.0,1.0,0.0,0.0,1.0,0.0,0.0,1.0,0.0,0.0,1.0,0.0,0.0,1.0,0.0,0.0,1.0,0.0],

"colors": [],

"uvs": [[0.9995,0.5,0.938325,0.396838,0.948687,0.280441,0.851247,0.2185,0.812308,0.110313,0.6979,0.0955737,0.614452,0.0137048,0.5,0.0497727,0.385548,0.0137048,0.3021,0.0955735,0.187693,0.110313,0.148753,0.2185,0.051313,0.280441,0.0616753,0.396838,0.000499576,0.5,0.0616753,0.603162,0.0513128,0.719559,0.148753,0.7815,0.187692,0.889687,0.3021,0.904426,0.385547,0.986295,0.5,0.950227,0.614452,0.986295,0.6979,0.904426,0.812307,0.889687,0.851247,0.7815,0.948687,0.719559,0.938325,0.603162]],

"faces": [42,21,22,23,0,21,22,23,0,0,0,42,23,24,25,0,23,24,25,1,1,1,42,25,26,27,0,25,26,27,2,2,2,42,23,25,27,0,23,25,27,3,3,3,42,27,0,1,0,27,0,1,4,4,4,42,1,2,3,0,1,2,3,5,5,5,42,27,1,3,0,27,1,3,6,6,6,42,3,4,5,0,3,4,5,7,7,7,42,5,6,7,0,5,6,7,8,8,8,42,3,5,7,0,3,5,7,9,9,9,42,27,3,7,0,27,3,7,10,10,10,42,7,8,9,0,7,8,9,11,11,11,42,9,10,11,0,9,10,11,12,12,12,42,7,9,11,0,7,9,11,13,13,13,42,11,12,13,0,11,12,13,14,14,14,42,13,14,15,0,13,14,15,15,15,15,42,11,13,15,0,11,13,15,16,16,16,42,7,11,15,0,7,11,15,17,17,17,42,27,7,15,0,27,7,15,18,18,18,42,15,16,17,0,15,16,17,19,19,19,42,17,18,19,0,17,18,19,20,20,20,42,15,17,19,0,15,17,19,21,21,21,42,27,15,19,0,27,15,19,22,22,22,42,23,27,19,0,23,27,19,23,23,23,42,21,23,19,0,21,23,19,24,24,24,42,20,21,19,0,20,21,19,25,25,25]

}