{

"metadata":
{
"sourceFile": "gems_game.max",
"generatedBy": "3ds max ThreeJSExporter",
"formatVersion": 3,
"vertices": 24,
"normals": 44,
"colors": 0,
"uvs": 42,
"triangles": 44,
"materials": 1
},

"materials": [
{
"DbgIndex" : 0,
"DbgName"  : "08 - Default",
"colorDiffuse"  : [0.8706, 0.1922, 0.1020],
"colorAmbient"  : [0.8706, 0.1922, 0.1020],
"colorSpecular"  : [0.9000, 0.9000, 0.9000],
"transparency"  : 0.7,
"specularCoef"  : 10.0,
"vertexColors" : false,
"shading": "Standard"
}

],

"vertices": [-0.130029,0.264745,-0.131215,0.133144,0.264745,-0.131215,-0.130029,0.264745,0.131959,0.133144,0.264745,0.131959,-0.130029,0.133814,-0.262145,-0.260959,0.133814,-0.131215,-0.260959,0.133814,0.131959,-0.130029,0.133814,0.262889,0.133144,0.133814,0.262889,0.264075,0.133814,0.131959,0.264075,0.133814,-0.131215,0.133144,0.133814,-0.262145,-0.130029,0.133158,-0.262145,-0.260959,0.133158,-0.131215,-0.260959,0.133158,0.131959,-0.130029,0.133158,0.262889,0.133144,0.133158,0.262889,0.264075,0.133158,0.131959,0.264075,0.133158,-0.131215,0.133144,0.133158,-0.262145,0.133144,0.00222769,0.131959,-0.130029,0.00222769,0.131959,0.133144,0.00222769,-0.131215,-0.130029,0.00222769,-0.131215],

"normals": [0.0,1.0,0.0,0.0,1.0,0.0,-0.57735,0.57735,-0.57735,-0.707107,0.707107,0.0,-0.707107,0.707107,0.0,-0.57735,0.57735,0.57735,0.0,0.707107,0.707107,0.0,0.707107,0.707107,0.57735,0.57735,0.57735,0.707107,0.707107,0.0,0.707107,0.707107,0.0,0.57735,0.57735,-0.57735,0.0,0.707107,-0.707107,0.0,0.707107,-0.707107,-0.707107,0.0,-0.707107,-0.707107,0.0,-0.707107,-1.0,0.0,0.0,-1.0,0.0,0.0,-0.707107,0.0,0.707107,-0.707107,0.0,0.707107,0.0,0.0,1.0,0.0,0.0,1.0,0.707107,0.0,0.707107,0.707107,0.0,0.707107,1.0,0.0,0.0,1.0,0.0,0.0,0.707107,0.0,-0.707107,0.707107,0.0,-0.707107,0.0,0.0,-1.0,0.0,0.0,-1.0,-0.57735,-0.57735,-0.57735,-0.707107,-0.707107,0.0,-0.707107,-0.707107,0.0,-0.57735,-0.57735,0.57735,0.0,-0.707107,0.707107,0.0,-0.707107,0.707107,0.57735,-0.57735,0.57735,0.707107,-0.707107,0.0,0.707107,-0.707107,0.0,0.57735,-0.57735,-0.57735,0.0,-0.707107,-0.707107,0.0,-0.707107,-0.707107,0.0,-1.0,0.0,0.0,-1.0,0.0],

"colors": [],

"uvs": [[0.249375,0.249375,0.750625,0.249375,0.249375,0.750625,0.750625,0.750625,0.249375,0.0,0.0,0.249375,0.0,0.750625,0.249375,1.0,0.750625,1.0,1.0,0.750625,1.0,0.249375,0.750625,0.0,0.0,0.0,0.0799128,0.0,0.193493,0.0,0.273406,0.0,0.386986,0.0,0.466899,0.0,0.580479,0.0,0.660392,0.0,0.0,1.0,0.0799128,1.0,0.193493,1.0,0.273406,1.0,0.386986,1.0,0.466899,1.0,0.580479,1.0,0.660392,1.0,0.249375,1.0,0.0,0.750625,0.0,0.249375,0.249375,0.0,0.750625,0.0,1.0,0.249375,1.0,0.750625,0.750625,1.0,0.750625,0.249375,0.249375,0.249375,0.750625,0.750625,0.249375,0.750625,1.0,0.0,1.0,1.0]],

"faces": [42,0,2,3,0,0,2,3,0,0,0,42,0,3,1,0,0,3,1,1,1,1,42,0,4,5,0,0,4,5,2,2,2,42,0,5,6,0,0,5,6,3,3,3,42,0,6,2,0,0,6,2,4,4,4,42,2,6,7,0,2,6,7,5,5,5,42,2,7,8,0,2,7,8,6,6,6,42,2,8,3,0,2,8,3,7,7,7,42,3,8,9,0,3,8,9,8,8,8,42,3,9,10,0,3,9,10,9,9,9,42,3,10,1,0,3,10,1,10,10,10,42,1,10,11,0,1,10,11,11,11,11,42,1,11,4,0,1,11,4,12,12,12,42,1,4,0,0,1,4,0,13,13,13,42,4,12,13,0,12,20,21,14,14,14,42,4,13,5,0,12,21,13,15,15,15,42,5,13,14,0,13,21,22,16,16,16,42,5,14,6,0,13,22,14,17,17,17,42,6,14,15,0,14,22,23,18,18,18,42,6,15,7,0,14,23,15,19,19,19,42,7,15,16,0,15,23,24,20,20,20,42,7,16,8,0,15,24,16,21,21,21,42,8,16,17,0,16,24,25,22,22,22,42,8,17,9,0,16,25,17,23,23,23,42,9,17,18,0,17,25,26,24,24,24,42,9,18,10,0,17,26,18,25,25,25,42,10,18,19,0,18,26,27,26,26,26,42,10,19,11,0,18,27,19,27,27,27,42,11,19,12,0,19,27,41,28,28,28,42,11,12,4,0,19,41,40,29,29,29,42,12,23,13,0,28,39,29,30,30,30,42,13,23,21,0,29,39,37,31,31,31,42,13,21,14,0,29,37,30,32,32,32,42,14,21,15,0,30,37,31,33,33,33,42,15,21,20,0,31,37,36,34,34,34,42,15,20,16,0,31,36,32,35,35,35,42,16,20,17,0,32,36,33,36,36,36,42,17,20,22,0,33,36,38,37,37,37,42,17,22,18,0,33,38,34,38,38,38,42,18,22,19,0,34,38,35,39,39,39,42,19,22,23,0,35,38,39,40,40,40,42,19,23,12,0,35,39,28,41,41,41,42,22,20,21,0,38,36,37,42,42,42,42,22,21,23,0,38,37,39,43,43,43]

}