{

"metadata":
{
"sourceFile": "gems_game.max",
"generatedBy": "3ds max ThreeJSExporter",
"formatVersion": 3,
"vertices": 26,
"normals": 48,
"colors": 0,
"uvs": 54,
"triangles": 48,
"materials": 1
},

"materials": [
{
"DbgIndex" : 0,
"DbgName"  : "15 - Default",
"colorDiffuse"  : [1.0000, 0.4471, 0.0000],
"colorAmbient"  : [1.0000, 0.4471, 0.0000],
"colorSpecular"  : [0.9000, 0.9000, 0.9000],
"transparency"  : 0.7,
"specularCoef"  : 10.0,
"vertexColors" : false,
"shading": "Standard"
}

],

"vertices": [-0.000223029,0.215703,-0.0095556,0.0918018,0.215703,-0.0095556,0.0648483,0.215703,-0.0746269,-0.000223032,0.215703,-0.10158,-0.0652944,0.215703,-0.0746269,-0.0922478,0.215703,-0.00955558,-0.0652944,0.215703,0.0555158,-0.000223027,0.215703,0.0824692,0.0648483,0.215703,0.0555158,-0.000223029,-0.000421151,-0.00955559,0.0918017,-0.000421151,-0.00955557,0.0648483,-0.000421085,0.0555158,-0.00022304,-0.000421101,0.0824692,-0.0652944,-0.000421085,0.0555157,-0.0922478,-0.000421151,-0.00955561,-0.0652944,-0.000421184,-0.0746269,-0.000223019,-0.000421184,-0.10158,0.0648483,-0.000421167,-0.0746269,0.281433,0.107641,-0.00955559,0.198938,0.107641,0.189606,-0.00022304,0.107641,0.272101,-0.199384,0.107641,0.189606,-0.28188,0.107641,-0.00955562,-0.199384,0.107641,-0.208717,-0.000223015,0.107641,-0.291212,0.198938,0.107641,-0.208717],

"normals": [0.0,1.0,0.0,0.0,1.0,0.0,0.0,1.0,0.0,0.0,1.0,0.0,0.0,1.0,0.0,0.0,1.0,0.0,0.0,1.0,0.0,0.0,1.0,0.0,0.485012,0.851119,-0.200898,0.485012,0.851119,-0.200899,0.200899,0.851119,-0.485012,0.200898,0.851119,-0.485012,-0.200898,0.851119,-0.485012,-0.200898,0.851119,-0.485012,-0.485012,0.851119,-0.200898,-0.485012,0.851119,-0.200899,-0.485012,0.851119,0.200899,-0.485012,0.851119,0.200898,-0.200898,0.851119,0.485012,-0.200898,0.851119,0.485012,0.200898,0.851119,0.485012,0.200898,0.851119,0.485012,0.485012,0.851119,0.200898,0.485012,0.851119,0.200898,0.0,-1.0,1.01439e-006,4.75478e-007,-1.0,5.38908e-007,-4.75478e-007,-1.0,5.38908e-007,0.0,-1.0,1.01439e-006,0.0,-1.0,5.06299e-007,1.48291e-007,-1.0,3.58007e-007,0.0,-1.0,3.58007e-007,0.0,-1.0,2.52255e-007,0.485011,-0.851119,0.200899,0.485012,-0.851119,0.200899,0.200899,-0.851119,0.485012,0.200898,-0.851119,0.485012,-0.200899,-0.851119,0.485011,-0.200898,-0.851119,0.485012,-0.485012,-0.851119,0.200899,-0.485012,-0.851119,0.200898,-0.485012,-0.851119,-0.200898,-0.485012,-0.851119,-0.200899,-0.200898,-0.851119,-0.485012,-0.200898,-0.851119,-0.485012,0.200899,-0.851119,-0.485012,0.200899,-0.851119,-0.485012,0.485012,-0.851119,-0.200898,0.485012,-0.851119,-0.200898],

"colors": [],

"uvs": [[0.5,0.5,1.0,0.5,0.853553,0.146447,0.5,0.0,0.146447,0.146447,0.0,0.5,0.146447,0.853553,0.5,1.0,0.853553,0.853553,0.0,0.0,0.125,0.0,0.25,0.0,0.375,0.0,0.5,0.0,0.625,0.0,0.75,0.0,0.875,0.0,1.0,0.0,0.0,0.333333,1.0,0.333333,0.125,0.666667,0.25,0.666667,0.375,0.666667,0.5,0.666667,0.625,0.666667,0.75,0.666667,0.875,0.666667,0.5,0.5,1.0,0.5,0.853553,0.146447,0.5,0.0,0.146447,0.146447,0.0,0.5,0.146447,0.853553,0.5,1.0,0.853553,0.853553,0.0,0.0,0.0,0.333333,0.125,0.666667,0.125,0.0,0.25,0.666667,0.25,0.0,0.375,0.666667,0.375,0.0,0.5,0.666667,0.5,0.0,0.625,0.666667,0.625,0.0,0.75,0.666667,0.75,0.0,0.875,0.666667,0.875,0.0,1.0,0.333333,1.0,0.0]],

"faces": [42,0,1,2,0,0,1,2,0,0,0,42,0,2,3,0,0,2,3,1,1,1,42,0,3,4,0,0,3,4,2,2,2,42,0,4,5,0,0,4,5,3,3,3,42,0,5,6,0,0,5,6,4,4,4,42,0,6,7,0,0,6,7,5,5,5,42,0,7,8,0,0,7,8,6,6,6,42,0,8,1,0,0,8,1,7,7,7,42,25,2,1,0,20,10,9,8,8,8,42,1,18,25,0,9,18,20,9,9,9,42,24,3,2,0,21,11,10,10,10,10,42,2,25,24,0,10,20,21,11,11,11,42,23,4,3,0,22,12,11,12,12,12,42,3,24,23,0,11,21,22,13,13,13,42,22,5,4,0,23,13,12,14,14,14,42,4,23,22,0,12,22,23,15,15,15,42,21,6,5,0,24,14,13,16,16,16,42,5,22,21,0,13,23,24,17,17,17,42,20,7,6,0,25,15,14,18,18,18,42,6,21,20,0,14,24,25,19,19,19,42,19,8,7,0,26,16,15,20,20,20,42,7,20,19,0,15,25,26,21,21,21,42,18,1,8,0,19,17,16,22,22,22,42,8,19,18,0,16,26,19,23,23,23,42,9,10,11,0,27,28,29,24,24,24,42,9,11,12,0,27,29,30,25,25,25,42,9,12,13,0,27,30,31,26,26,26,42,9,13,14,0,27,31,32,27,27,27,42,9,14,15,0,27,32,33,28,28,28,42,9,15,16,0,27,33,34,29,29,29,42,9,16,17,0,27,34,35,30,30,30,42,9,17,10,0,27,35,28,31,31,31,42,19,11,10,0,38,39,36,32,32,32,42,10,18,19,0,36,37,38,33,33,33,42,20,12,11,0,40,41,39,34,34,34,42,11,19,20,0,39,38,40,35,35,35,42,21,13,12,0,42,43,41,36,36,36,42,12,20,21,0,41,40,42,37,37,37,42,22,14,13,0,44,45,43,38,38,38,42,13,21,22,0,43,42,44,39,39,39,42,23,15,14,0,46,47,45,40,40,40,42,14,22,23,0,45,44,46,41,41,41,42,24,16,15,0,48,49,47,42,42,42,42,15,23,24,0,47,46,48,43,43,43,42,25,17,16,0,50,51,49,44,44,44,42,16,24,25,0,49,48,50,45,45,45,42,18,10,17,0,52,53,51,46,46,46,42,17,25,18,0,51,50,52,47,47,47]

}