{

"metadata":
{
"sourceFile": "gems_game.max",
"generatedBy": "3ds max ThreeJSExporter",
"formatVersion": 3,
"vertices": 18,
"normals": 32,
"colors": 0,
"uvs": 29,
"triangles": 32,
"materials": 1
},

"materials": [
{
"DbgIndex" : 0,
"DbgName"  : "13 - Default",
"colorDiffuse"  : [1.0000, 0.9686, 0.0745],
"colorAmbient"  : [1.0000, 0.9686, 0.0745],
"colorSpecular"  : [0.9000, 0.9000, 0.9000],
"transparency"  : 0.7,
"specularCoef"  : 10.0,
"vertexColors" : false,
"shading": "Standard"
}

],

"vertices": [0.00101465,0.350686,0.0595902,0.267826,0.350686,0.0595902,0.189679,0.484092,-0.0738155,0.00101463,0.53935,-0.129074,-0.187649,0.484092,-0.0738155,-0.265797,0.350686,0.0595902,-0.187649,0.21728,0.192996,0.00101466,0.162022,0.248254,0.189679,0.21728,0.192996,0.345347,0.257581,-0.0335147,0.244494,0.429747,-0.205681,0.00101463,0.501061,-0.276994,-0.242465,0.429747,-0.205681,-0.343318,0.257581,-0.0335147,-0.242465,0.0854151,0.138651,0.00101466,0.0141017,0.209965,0.244494,0.0854151,0.138651,0.000746287,-0.0020328,-0.294045],

"normals": [0.0,0.707107,0.707107,0.0,0.707107,0.707107,0.0,0.707107,0.707107,0.0,0.707107,0.707107,0.0,0.707107,0.707107,0.0,0.707107,0.707107,0.0,0.707107,0.707107,0.0,0.707107,0.707107,0.811588,0.57558,0.100163,0.811588,0.57558,0.100163,0.336171,0.911751,-0.236008,0.336171,0.911751,-0.236008,-0.336171,0.911751,-0.236008,-0.336171,0.911751,-0.236008,-0.811588,0.57558,0.100164,-0.811588,0.57558,0.100163,-0.811588,0.100163,0.57558,-0.811587,0.100163,0.575581,-0.336171,-0.236008,0.911751,-0.336171,-0.236008,0.911751,0.336171,-0.236007,0.911751,0.336171,-0.236008,0.911751,0.811588,0.100163,0.57558,0.811588,0.100163,0.57558,0.698764,-0.257914,-0.66724,0.289631,0.032266,-0.956594,-0.289711,0.0325739,-0.95656,-0.69923,-0.257364,-0.666964,-0.698764,-0.667241,-0.257914,-0.289244,-0.95676,0.0307821,0.289164,-0.956794,0.0304752,0.698298,-0.667516,-0.258463],

"colors": [],

"uvs": [[0.5,0.5,1.0,0.5,0.853553,0.146447,0.5,0.0,0.146447,0.146447,0.0,0.5,0.146447,0.853553,0.5,1.0,0.853553,0.853553,0.0,0.0,0.125,0.0,0.25,0.0,0.375,0.0,0.5,0.0,0.625,0.0,0.75,0.0,0.875,0.0,1.0,0.0,0.0,0.333333,1.0,0.333333,0.125,0.666667,0.25,0.666667,0.375,0.666667,0.5,0.666667,0.625,0.666667,0.75,0.666667,0.875,0.666667,0.3125,1.0,1.0,1.0]],

"faces": [42,0,1,2,0,0,1,2,0,0,0,42,0,2,3,0,0,2,3,1,1,1,42,0,3,4,0,0,3,4,2,2,2,42,0,4,5,0,0,4,5,3,3,3,42,0,5,6,0,0,5,6,4,4,4,42,0,6,7,0,0,6,7,5,5,5,42,0,7,8,0,0,7,8,6,6,6,42,0,8,1,0,0,8,1,7,7,7,42,10,2,1,0,20,10,9,8,8,8,42,1,9,10,0,9,18,20,9,9,9,42,11,3,2,0,21,11,10,10,10,10,42,2,10,11,0,10,20,21,11,11,11,42,12,4,3,0,22,12,11,12,12,12,42,3,11,12,0,11,21,22,13,13,13,42,13,5,4,0,23,13,12,14,14,14,42,4,12,13,0,12,22,23,15,15,15,42,14,6,5,0,24,14,13,16,16,16,42,5,13,14,0,13,23,24,17,17,17,42,15,7,6,0,25,15,14,18,18,18,42,6,14,15,0,14,24,25,19,19,19,42,16,8,7,0,26,16,15,20,20,20,42,7,15,16,0,15,25,26,21,21,21,42,9,1,8,0,19,17,16,22,22,22,42,8,16,9,0,16,26,19,23,23,23,42,9,17,10,0,18,27,20,24,24,24,42,10,17,11,0,20,27,21,25,25,25,42,11,17,12,0,21,27,22,26,26,26,42,12,17,13,0,22,27,23,27,27,27,42,13,17,14,0,23,27,24,28,28,28,42,14,17,15,0,24,27,25,29,29,29,42,15,17,16,0,25,27,26,30,30,30,42,16,17,9,0,26,28,19,31,31,31]

}