{

"metadata":
{
"sourceFile": "gems_game.max",
"generatedBy": "3ds max ThreeJSExporter",
"formatVersion": 3,
"vertices": 26,
"normals": 48,
"colors": 0,
"uvs": 39,
"triangles": 48,
"materials": 1
},

"materials": [
{
"DbgIndex" : 0,
"DbgName"  : "09 - Default",
"colorDiffuse"  : [0.0588, 0.7255, 0.0431],
"colorAmbient"  : [0.0588, 0.7255, 0.0431],
"colorSpecular"  : [0.9000, 0.9000, 0.9000],
"transparency"  : 0.7,
"specularCoef"  : 10.0,
"vertexColors" : false,
"shading": "Standard"
}

],

"vertices": [0.000886853,0.383523,0.0974093,0.267698,0.383523,0.0974093,0.189551,0.504794,-0.0471157,0.000886842,0.555026,-0.10698,-0.187777,0.504794,-0.0471157,-0.265924,0.383523,0.0974094,-0.187777,0.262252,0.241934,0.000886862,0.21202,0.301799,0.189551,0.262252,0.241934,0.345219,0.282658,0.0127734,0.244366,0.439163,-0.173743,0.000886841,0.50399,-0.251,-0.242593,0.439163,-0.173743,-0.343445,0.282657,0.0127734,-0.242593,0.126152,0.19929,0.000886867,0.061325,0.276547,0.244366,0.126152,0.19929,0.000618492,0.00132468,-0.224139,0.227947,0.148225,-0.100433,0.161405,0.251487,-0.223495,0.000758596,0.294259,-0.274469,-0.159888,0.251487,-0.223495,-0.226429,0.148225,-0.100433,-0.159888,0.044964,0.0226295,0.000758613,0.00219181,0.0736035,0.161405,0.0449641,0.0226295],

"normals": [0.0,0.766044,0.642788,0.0,0.766044,0.642788,0.0,0.766044,0.642788,0.0,0.766044,0.642788,0.0,0.766044,0.642788,0.0,0.766044,0.642788,0.0,0.766044,0.642788,0.0,0.766044,0.642788,0.811588,0.582119,0.0496166,0.811588,0.58212,0.0496167,0.336171,0.887712,-0.314574,0.336171,0.887712,-0.314574,-0.336171,0.887712,-0.314574,-0.336171,0.887712,-0.314574,-0.811588,0.58212,0.0496175,-0.811588,0.58212,0.0496167,-0.811588,0.149947,0.56466,-0.811588,0.149947,0.56466,-0.33617,-0.155645,0.928851,-0.336171,-0.155646,0.928851,0.33617,-0.155645,0.928851,0.336171,-0.155645,0.928851,0.811588,0.149947,0.56466,0.811588,0.149947,0.56466,0.786681,-0.192227,-0.58667,0.786681,-0.192227,-0.58667,0.32605,0.10493,-0.939511,0.32605,0.10493,-0.939511,-0.326132,0.105321,-0.939439,-0.326131,0.105321,-0.939439,-0.787155,-0.191462,-0.586284,-0.787155,-0.191462,-0.586284,-0.786681,-0.611137,-0.087432,-0.786681,-0.611137,-0.087432,-0.325658,-0.907683,0.264684,-0.325658,-0.907683,0.264685,0.325577,-0.907821,0.264313,0.325577,-0.907821,0.264313,0.786208,-0.611648,-0.0881172,0.786208,-0.611648,-0.0881172,0.623663,-0.399116,-0.672124,0.258503,-0.163697,-0.95204,-0.258575,-0.163453,-0.952062,-0.624082,-0.398687,-0.67199,-0.623663,-0.731219,-0.27634,-0.258156,-0.966099,0.00293512,0.258085,-0.966119,0.00269223,0.623245,-0.731425,-0.276739],

"colors": [],

"uvs": [[0.5,0.5,1.0,0.5,0.853553,0.146447,0.5,0.0,0.146447,0.146447,0.0,0.5,0.146447,0.853553,0.5,1.0,0.853553,0.853553,0.0,0.0,0.125,0.0,0.25,0.0,0.375,0.0,0.5,0.0,0.625,0.0,0.75,0.0,0.875,0.0,1.0,0.0,0.0,0.333333,1.0,0.333333,0.125,0.666667,0.25,0.666667,0.375,0.666667,0.5,0.666667,0.625,0.666667,0.75,0.666667,0.875,0.666667,0.3125,1.0,1.0,1.0,0.149325,0.651893,1.0,0.651893,0.214595,0.825947,0.279865,0.825947,0.345135,0.825947,0.410405,0.825947,0.475675,0.825947,0.540945,0.825947,0.606215,0.825947,0.93473,0.825947]],

"faces": [42,0,1,2,0,0,1,2,0,0,0,42,0,2,3,0,0,2,3,1,1,1,42,0,3,4,0,0,3,4,2,2,2,42,0,4,5,0,0,4,5,3,3,3,42,0,5,6,0,0,5,6,4,4,4,42,0,6,7,0,0,6,7,5,5,5,42,0,7,8,0,0,7,8,6,6,6,42,0,8,1,0,0,8,1,7,7,7,42,10,2,1,0,20,10,9,8,8,8,42,1,9,10,0,9,18,20,9,9,9,42,11,3,2,0,21,11,10,10,10,10,42,2,10,11,0,10,20,21,11,11,11,42,12,4,3,0,22,12,11,12,12,12,42,3,11,12,0,11,21,22,13,13,13,42,13,5,4,0,23,13,12,14,14,14,42,4,12,13,0,12,22,23,15,15,15,42,14,6,5,0,24,14,13,16,16,16,42,5,13,14,0,13,23,24,17,17,17,42,15,7,6,0,25,15,14,18,18,18,42,6,14,15,0,14,24,25,19,19,19,42,16,8,7,0,26,16,15,20,20,20,42,7,15,16,0,15,25,26,21,21,21,42,9,1,8,0,19,17,16,22,22,22,42,8,16,9,0,16,26,19,23,23,23,42,10,9,18,0,20,18,29,24,24,24,42,18,19,10,0,29,31,20,25,25,25,42,19,20,11,0,31,32,21,26,26,26,42,11,10,19,0,21,20,31,27,27,27,42,20,21,12,0,32,33,22,28,28,28,42,12,11,20,0,22,21,32,29,29,29,42,21,22,13,0,33,34,23,30,30,30,42,13,12,21,0,23,22,33,31,31,31,42,22,23,14,0,34,35,24,32,32,32,42,14,13,22,0,24,23,34,33,33,33,42,23,24,15,0,35,36,25,34,34,34,42,15,14,23,0,25,24,35,35,35,35,42,24,25,16,0,36,37,26,36,36,36,42,16,15,24,0,26,25,36,37,37,37,42,18,9,16,0,30,19,26,38,38,38,42,16,25,18,0,26,38,30,39,39,39,42,18,17,19,0,29,27,31,40,40,40,42,19,17,20,0,31,27,32,41,41,41,42,20,17,21,0,32,27,33,42,42,42,42,21,17,22,0,33,27,34,43,43,43,42,22,17,23,0,34,27,35,44,44,44,42,23,17,24,0,35,27,36,45,45,45,42,24,17,25,0,36,27,37,46,46,46,42,25,17,18,0,38,28,30,47,47,47]

}