{

"metadata":
{
"sourceFile": "gems_game.max",
"generatedBy": "3ds max ThreeJSExporter",
"formatVersion": 3,
"vertices": 6,
"normals": 8,
"colors": 0,
"uvs": 24,
"triangles": 8,
"materials": 1
},

"materials": [
{
"DbgIndex" : 0,
"DbgName"  : "02 - Default",
"colorDiffuse"  : [1.0000, 0.0000, 0.8941],
"colorAmbient"  : [1.0000, 0.0000, 0.8941],
"colorSpecular"  : [0.9000, 0.9000, 0.9000],
"transparency"  : 0.7,
"specularCoef"  : 10.0,
"vertexColors" : false,
"shading": "Standard"
}

],

"vertices": [-0.303602,0.431532,0.000522133,0.152657,0.433638,-0.262902,-0.14953,0.00206923,-0.262902,-0.14953,0.00206923,0.263946,0.152657,0.433638,0.263946,0.306728,0.00417466,0.000522133],

"normals": [-0.0046146,0.999989,0.0,0.472938,-0.331155,-0.816497,-0.941261,-0.33768,0.0,0.472938,-0.331154,0.816497,-0.472938,0.331154,-0.816497,-0.472938,0.331154,0.816497,0.941261,0.33768,1.85969e-007,0.0046145,-0.999989,0.0],

"colors": [],

"uvs": [[0.0,0.5,-0.5,1.0,0.5,1.0,0.0,0.5,-0.5,1.0,0.0,1.5,0.5,1.0,-0.5,1.0,0.0,0.5,0.0,1.5,-0.5,1.0,0.0,0.5,0.0,0.5,0.0,1.5,0.5,1.0,0.0,1.5,0.0,0.5,0.5,1.0,-0.5,1.0,0.0,1.5,0.5,1.0,-0.5,1.0,0.5,1.0,0.0,1.5]],

"faces": [42,0,4,1,0,0,1,2,0,0,0,42,1,5,2,0,3,4,5,1,1,1,42,2,3,0,0,6,7,8,2,2,2,42,3,5,4,0,9,10,11,3,3,3,42,1,2,0,0,12,13,14,4,4,4,42,3,4,0,0,15,16,17,5,5,5,42,4,5,1,0,18,19,20,6,6,6,42,3,2,5,0,21,22,23,7,7,7]

}