{

"metadata":
{
"sourceFile": "sectors.max",
"generatedBy": "3ds max ThreeJSExporter",
"formatVersion": 3,
"vertices": 33,
"normals": 33,
"colors": 0,
"uvs": 0,
"triangles": 48,
"materials": 1
},

"materials": [
{
"DbgIndex" : 0,
"DbgName"  : "06_B",
"colorDiffuse"  : [0.0000, 0.0000, 1.0000],
"colorAmbient"  : [0.0000, 0.0000, 1.0000],
"colorSpecular"  : [0.9000, 0.9000, 0.9000],
"transparency"  : 1.0,
"specularCoef"  : 10.0,
"vertexColors" : false,
"shading": "Basic"
}

],

"vertices": [12.2761,7.59251e-005,2.69521,9.91708,7.59251e-005,-7.54523,2.54977,7.59251e-005,-0.523247,10.5271,0.769001,-6.84921,12.4236,7.59251e-005,-3.29391,5.71217,7.59251e-005,-3.72095,6.79194,7.59251e-005,1.02676,6.7918,0.793778,1.02617,11.0992,-0.0142818,-6.10989,12.4416,0.793778,-3.25724,12.5246,0.793778,1.91564,9.9177,0.793778,-7.54557,12.7996,7.59251e-005,-1.14065,12.7825,0.793778,-1.40608,12.7246,7.59251e-005,0.895032,5.71221,0.793778,-3.72077,12.0771,7.59251e-005,-4.31742,11.6662,0.791058,-5.2173,2.54631,0.793778,-0.516261,12.8068,0.793778,0.14953,11.635,-0.00356582,-5.25748,12.6696,7.59251e-005,-2.21235,12.8154,7.59251e-005,-0.103169,12.5243,7.59251e-005,1.89081,12.2833,0.793778,2.6926,12.0964,0.793774,-4.29019,10.4658,-0.0249977,-6.91216,12.6865,0.793778,-2.1579,11.1429,0.780358,-6.06048,12.8285,0.793778,-0.572522,12.7258,0.793778,0.934994,9.92706,-0.0286394,-7.50646,9.92768,0.765063,-7.5068],

"normals": [-0.291058,0.000664261,0.956705,-0.67283,0.000207339,-0.739797,-0.343174,-0.00976224,0.939221,-0.00114801,0.999952,-0.00968659,0.94712,-0.0120512,-0.320653,-0.67283,0.000204544,-0.739797,-0.291058,0.000664261,0.956705,-0.291058,0.000664261,0.956705,0.784896,-0.0114985,-0.619521,0.948422,-0.00684862,-0.316936,0.0,1.0,0.0,-0.67283,0.000204544,-0.739797,0.992641,-0.0128898,-0.120408,0.991714,-0.0211124,-0.126721,0.995727,-0.0179384,0.0905838,0.000924472,0.999999,-0.000538512,0.94712,-0.0120512,-0.320653,0.904874,-0.0139835,-0.425449,-0.343174,-0.00976224,0.939221,-1.23863e-007,1.0,-2.65549e-007,0.904874,-0.0139835,-0.425449,0.992641,-0.0128898,-0.120408,0.995727,-0.0179384,0.0905838,0.979568,-0.00665777,0.201002,-0.290377,0.00576268,0.956895,0.94712,-0.0120512,-0.320653,0.784896,-0.0114985,-0.619521,0.992641,-0.0128898,-0.120408,0.84968,-0.00666962,-0.527257,0.0,1.0,0.0,0.979568,-0.00665777,0.201002,0.740881,-0.000864955,-0.671636,0.249082,0.930004,0.270281],

"colors": [],

"uvs": [[]],

"faces": [34,15,10,19,0,15,10,19,34,32,15,3,0,32,15,3,34,4,16,25,0,4,16,25,34,14,22,19,0,14,22,19,34,5,15,11,0,5,15,11,34,7,6,0,0,7,6,0,34,18,2,6,0,18,2,6,34,15,5,2,0,15,5,2,34,8,26,3,0,8,26,3,34,15,19,25,0,15,19,25,34,25,9,4,0,25,9,4,34,0,24,7,0,0,24,7,34,30,10,23,0,30,10,23,34,32,3,26,0,32,3,26,34,11,1,5,0,11,1,5,34,12,21,27,0,12,21,27,34,19,27,25,0,19,27,25,34,27,13,12,0,27,13,12,34,0,23,10,0,0,23,10,34,2,18,15,0,2,18,15,34,15,7,24,0,15,7,24,34,16,20,17,0,16,20,17,34,28,17,20,0,28,17,20,34,15,25,28,0,15,25,28,34,6,7,18,0,6,7,18,34,7,15,18,0,7,15,18,34,19,29,27,0,19,29,27,34,29,19,22,0,29,19,22,34,20,8,28,0,20,8,28,34,21,4,9,0,21,4,9,34,22,12,29,0,22,12,29,34,23,14,30,0,23,14,30,34,10,24,0,0,10,24,0,34,15,24,10,0,15,24,10,34,17,25,16,0,17,25,16,34,25,17,28,0,25,17,28,34,26,31,32,0,26,31,32,34,9,27,21,0,9,27,21,34,27,9,25,0,27,9,25,34,15,28,3,0,15,28,3,34,3,28,8,0,3,28,8,34,13,29,12,0,13,29,12,34,29,13,27,0,29,13,27,34,10,30,19,0,10,30,19,34,19,30,14,0,19,30,14,34,31,1,11,0,31,1,11,34,11,32,31,0,11,32,31,34,32,11,15,0,32,11,15]

}