{

"metadata":
{
"sourceFile": "sectors.max",
"generatedBy": "3ds max ThreeJSExporter",
"formatVersion": 3,
"vertices": 33,
"normals": 33,
"colors": 0,
"uvs": 0,
"triangles": 48,
"materials": 1
},

"materials": [
{
"DbgIndex" : 0,
"DbgName"  : "01_R",
"colorDiffuse"  : [1.0000, 0.0000, 0.0000],
"colorAmbient"  : [1.0000, 0.0000, 0.0000],
"colorSpecular"  : [0.9000, 0.9000, 0.9000],
"transparency"  : 0.2,
"transparent": true,
"specularCoef"  : 10.0,
"vertexColors" : false,
"shading": "Basic"
}

],

"vertices": [-5.20587,7.59251e-005,11.3582,5.30262,7.59251e-005,11.3014,0.066424,7.59251e-005,2.57396,4.4898,0.769001,11.744,0.60525,7.59251e-005,12.815,2.49312,7.59251e-005,6.36041,-2.37581,7.59251e-005,6.37317,-2.37521,0.793778,6.37317,3.64305,-0.0142818,12.1401,0.565539,0.793778,12.8245,-4.49973,0.793778,11.7715,5.30282,0.793778,11.302,-1.57805,7.59251e-005,12.7098,-1.31535,0.793778,12.7514,-3.5478,7.59251e-005,12.1904,2.49294,0.793778,6.36041,1.67983,7.59251e-005,12.7012,2.64789,0.791058,12.4976,0.0603661,0.793778,2.56905,-2.83843,0.793778,12.434,2.69393,-0.00356582,12.476,-0.503925,7.59251e-005,12.8179,-2.59378,7.59251e-005,12.4979,-4.47544,7.59251e-005,11.7767,-5.2049,0.793778,11.3658,1.64903,0.793774,12.7141,4.56466,-0.0249977,11.698,-0.560751,0.793778,12.8224,3.58528,0.780358,12.1719,-2.13871,0.793778,12.6135,-3.58704,0.793778,12.1828,5.26261,-0.0286394,11.3026,5.26281,0.765063,11.3033],

"normals": [-0.869633,0.000663898,-0.493698,0.869295,0.00020711,-0.494294,-0.84115,-0.00976217,-0.540715,0.00970265,0.999952,0.00100332,0.105235,-0.0120515,0.994374,0.869295,0.000204723,-0.494294,-0.869633,0.000663898,-0.493698,-0.869633,0.000663898,-0.493698,0.432394,-0.011498,0.901611,0.101322,-0.00684812,0.99483,0.0,1.0,0.0,0.869295,0.000204723,-0.494294,-0.10012,-0.0128895,0.994892,-0.0937567,-0.0211131,0.995371,-0.306656,-0.0179383,0.951651,0.000322775,0.999999,0.00102002,0.105235,-0.0120515,0.994374,0.216743,-0.0139848,0.976128,-0.84115,-0.00976217,-0.540714,2.86242e-007,1.0,0.0,0.216743,-0.0139848,0.976128,-0.10012,-0.0128895,0.994892,-0.306656,-0.0179383,0.951651,-0.410844,-0.00665941,0.911682,-0.869967,0.00576394,-0.493076,0.105235,-0.0120515,0.994374,0.432394,-0.011498,0.901611,-0.10012,-0.0128895,0.994892,0.328174,-0.00667105,0.944594,0.0,1.0,0.0,-0.410844,-0.00665941,0.911682,0.492892,-0.000865617,0.87009,-0.318303,0.930006,0.183772],

"colors": [],

"uvs": [[]],

"faces": [34,15,10,19,0,15,10,19,34,32,15,3,0,32,15,3,34,4,16,25,0,4,16,25,34,14,22,19,0,14,22,19,34,5,15,11,0,5,15,11,34,7,6,0,0,7,6,0,34,18,2,6,0,18,2,6,34,15,5,2,0,15,5,2,34,8,26,3,0,8,26,3,34,15,19,25,0,15,19,25,34,25,9,4,0,25,9,4,34,0,24,7,0,0,24,7,34,30,10,23,0,30,10,23,34,32,3,26,0,32,3,26,34,11,1,5,0,11,1,5,34,12,21,27,0,12,21,27,34,19,27,25,0,19,27,25,34,27,13,12,0,27,13,12,34,0,23,10,0,0,23,10,34,2,18,15,0,2,18,15,34,15,7,24,0,15,7,24,34,16,20,17,0,16,20,17,34,28,17,20,0,28,17,20,34,15,25,28,0,15,25,28,34,6,7,18,0,6,7,18,34,7,15,18,0,7,15,18,34,19,29,27,0,19,29,27,34,29,19,22,0,29,19,22,34,20,8,28,0,20,8,28,34,21,4,9,0,21,4,9,34,22,12,29,0,22,12,29,34,23,14,30,0,23,14,30,34,10,24,0,0,10,24,0,34,15,24,10,0,15,24,10,34,17,25,16,0,17,25,16,34,25,17,28,0,25,17,28,34,26,31,32,0,26,31,32,34,9,27,21,0,9,27,21,34,27,9,25,0,27,9,25,34,15,28,3,0,15,28,3,34,3,28,8,0,3,28,8,34,13,29,12,0,13,29,12,34,29,13,27,0,29,13,27,34,10,30,19,0,10,30,19,34,19,30,14,0,19,30,14,34,31,1,11,0,31,1,11,34,11,32,31,0,11,32,31,34,32,11,15,0,32,11,15]

}