{

"metadata":
{
"sourceFile": "sectors.max",
"generatedBy": "3ds max ThreeJSExporter",
"formatVersion": 3,
"vertices": 33,
"normals": 33,
"colors": 0,
"uvs": 0,
"triangles": 48,
"materials": 1
},

"materials": [
{
"DbgIndex" : 0,
"DbgName"  : "03_Y",
"colorDiffuse"  : [0.9882, 1.0000, 0.0000],
"colorAmbient"  : [0.9882, 1.0000, 0.0000],
"colorSpecular"  : [0.9000, 0.9000, 0.9000],
"transparency"  : 1.0,
"specularCoef"  : 10.0,
"vertexColors" : false,
"shading": "Basic"
}

],

"vertices": [-9.83257,7.59251e-005,-7.37385,-11.9454,7.59251e-005,2.9202,-2.32534,7.59251e-005,-0.402359,-12.2108,0.769001,2.03352,-12.4571,7.59251e-005,-1.98841,-6.53106,7.59251e-005,1.19076,-5.53881,7.59251e-005,-3.57602,-5.53894,0.793778,-3.57542,-12.4237,-0.0142818,1.12327,-12.4582,0.793778,-2.02923,-10.3827,0.793778,-6.7682,-11.9461,0.793778,2.92025,-11.9037,7.59251e-005,-4.10301,-11.9986,0.793778,-3.85455,-10.989,7.59251e-005,-5.9232,-6.53102,0.793778,1.19058,-12.5676,7.59251e-005,-0.913494,-12.5681,0.791058,0.0757506,-2.31929,0.793778,-0.407274,-11.3737,0.793778,-5.27936,-12.5565,-0.00356582,0.125259,-12.2311,7.59251e-005,-3.07431,-11.4867,7.59251e-005,-5.05315,-10.3928,7.59251e-005,-6.74549,-9.84017,0.793778,-7.37446,-12.5738,0.793774,-0.946284,-12.1812,-0.0249977,2.11628,-12.2238,0.793778,-3.13086,-12.4428,0.780358,1.06018,-11.6938,0.793778,-4.63175,-10.9735,0.793778,-5.96003,-11.9384,-0.0286394,2.88079,-11.9391,0.765063,2.88084],

"normals": [0.662525,0.000664418,-0.749039,0.304272,0.000207432,0.952585,0.702652,-0.00976209,-0.711467,-0.00298391,0.999952,0.00928677,-0.994688,-0.0120505,-0.102226,0.304272,0.000204706,0.952585,0.662525,0.000664418,-0.749039,0.662525,0.000664418,-0.749039,-0.971433,-0.0114971,0.237037,-0.994327,-0.0068484,-0.106147,0.0,1.0,0.0,0.304272,0.000204706,0.952585,-0.952819,-0.0128896,-0.303265,-0.954601,-0.0211137,-0.297137,-0.867889,-0.0179389,-0.496433,-0.00106468,0.999999,0.000105339,-0.994688,-0.0120505,-0.102226,-0.999845,-0.0139857,0.0106506,0.702652,-0.00976209,-0.711467,0.0,1.0,2.93008e-007,-0.999845,-0.0139857,0.0106506,-0.952819,-0.0128896,-0.303265,-0.867889,-0.0179389,-0.496433,-0.80728,-0.00665937,-0.590132,0.661986,0.00576227,-0.749494,-0.994688,-0.0120505,-0.102226,-0.971433,-0.0114971,0.237037,-0.952819,-0.0128896,-0.303265,-0.991983,-0.00667188,0.126191,0.0,1.0,0.0,-0.80728,-0.00665937,-0.590132,-0.953074,-0.00086514,0.302736,-0.114134,0.930006,-0.349374],

"colors": [],

"uvs": [[]],

"faces": [34,15,10,19,0,15,10,19,34,32,15,3,0,32,15,3,34,4,16,25,0,4,16,25,34,14,22,19,0,14,22,19,34,5,15,11,0,5,15,11,34,7,6,0,0,7,6,0,34,18,2,6,0,18,2,6,34,15,5,2,0,15,5,2,34,8,26,3,0,8,26,3,34,15,19,25,0,15,19,25,34,25,9,4,0,25,9,4,34,0,24,7,0,0,24,7,34,30,10,23,0,30,10,23,34,32,3,26,0,32,3,26,34,11,1,5,0,11,1,5,34,12,21,27,0,12,21,27,34,19,27,25,0,19,27,25,34,27,13,12,0,27,13,12,34,0,23,10,0,0,23,10,34,2,18,15,0,2,18,15,34,15,7,24,0,15,7,24,34,16,20,17,0,16,20,17,34,28,17,20,0,28,17,20,34,15,25,28,0,15,25,28,34,6,7,18,0,6,7,18,34,7,15,18,0,7,15,18,34,19,29,27,0,19,29,27,34,29,19,22,0,29,19,22,34,20,8,28,0,20,8,28,34,21,4,9,0,21,4,9,34,22,12,29,0,22,12,29,34,23,14,30,0,23,14,30,34,10,24,0,0,10,24,0,34,15,24,10,0,15,24,10,34,17,25,16,0,17,25,16,34,25,17,28,0,25,17,28,34,26,31,32,0,26,31,32,34,9,27,21,0,9,27,21,34,27,9,25,0,27,9,25,34,15,28,3,0,15,28,3,34,3,28,8,0,3,28,8,34,13,29,12,0,13,29,12,34,29,13,27,0,29,13,27,34,10,30,19,0,10,30,19,34,19,30,14,0,19,30,14,34,31,1,11,0,31,1,11,34,11,32,31,0,11,32,31,34,32,11,15,0,32,11,15]

}