{

"metadata":
{
"sourceFile": "sectors.max",
"generatedBy": "3ds max ThreeJSExporter",
"formatVersion": 3,
"vertices": 33,
"normals": 33,
"colors": 0,
"uvs": 0,
"triangles": 48,
"materials": 1
},

"materials": [
{
"DbgIndex" : 0,
"DbgName"  : "05_C",
"colorDiffuse"  : [0.0000, 0.9882, 1.0000],
"colorAmbient"  : [0.0000, 0.9882, 1.0000],
"colorSpecular"  : [0.9000, 0.9000, 0.9000],
"transparency"  : 1.0,
"specularCoef"  : 10.0,
"vertexColors" : false,
"shading": "Basic"
}

],

"vertices": [9.7492,7.59251e-005,-7.86984,0.232857,7.59251e-005,-12.3275,1.21773,7.59251e-005,-2.1976,1.15699,0.769001,-12.3786,5.12529,7.59251e-005,-11.6791,0.650492,7.59251e-005,-6.65903,5.0539,7.59251e-005,-4.58136,5.05335,0.793778,-4.58162,2.09178,-0.0142818,-12.373,5.16524,0.793778,-11.6707,9.28871,0.793778,-8.54617,0.232971,0.793778,-12.3282,7.05225,7.59251e-005,-10.6473,6.8328,0.793778,-10.7976,8.60862,7.59251e-005,-9.33302,0.650661,0.793778,-6.65895,4.10587,7.59251e-005,-12.0375,3.14408,0.791058,-12.269,1.2211,0.793778,-2.19057,8.07237,0.793778,-9.85739,3.09322,-0.00356582,-12.2692,6.12842,7.59251e-005,-11.2058,7.8788,7.59251e-005,-10.0201,9.26898,7.59251e-005,-8.56125,9.75156,0.793778,-7.87709,4.13921,0.793774,-12.0359,1.06962,-0.0249977,-12.3691,6.1817,0.793778,-11.1856,2.1576,0.780358,-12.3769,7.51738,0.793778,-10.3198,8.6408,0.793778,-9.3093,0.269534,-0.0286394,-12.3115,0.269647,0.765063,-12.3122],

"normals": [0.57367,0.000663892,0.819086,-0.997297,0.000207047,0.0734772,0.527768,-0.00976218,0.849332,-0.00833355,0.999952,-0.00506952,0.331616,-0.0120506,-0.943338,-0.997297,0.00020464,0.0734768,0.57367,0.000663892,0.819086,0.57367,0.000663892,0.819086,-0.0036998,-0.0114973,-0.999927,0.335345,-0.00684743,-0.94207,0.0,1.0,0.0,-0.997297,0.00020464,0.0734768,0.517328,-0.0128891,-0.85569,0.511784,-0.0211152,-0.858855,0.685329,-0.0179384,-0.728012,0.000146132,0.999999,-0.00105985,0.331616,-0.0120506,-0.943338,0.223065,-0.0139843,-0.974703,0.527768,-0.00976218,0.849332,-2.85431e-007,1.0,0.0,0.223065,-0.0139843,-0.974703,0.517328,-0.0128891,-0.85569,0.685329,-0.0179384,-0.728012,0.762289,-0.00665937,-0.647202,0.574239,0.00576338,0.818668,0.331616,-0.0120506,-0.943338,-0.0036998,-0.0114973,-0.999927,0.517328,-0.0128891,-0.85569,0.108883,-0.00667053,-0.994032,0.0,1.0,0.0,0.762289,-0.00665937,-0.647202,-0.0718691,-0.000864653,-0.997414,0.366369,0.930005,-0.0294163],

"colors": [],

"uvs": [[]],

"faces": [34,15,10,19,0,15,10,19,34,32,15,3,0,32,15,3,34,4,16,25,0,4,16,25,34,14,22,19,0,14,22,19,34,5,15,11,0,5,15,11,34,7,6,0,0,7,6,0,34,18,2,6,0,18,2,6,34,15,5,2,0,15,5,2,34,8,26,3,0,8,26,3,34,15,19,25,0,15,19,25,34,25,9,4,0,25,9,4,34,0,24,7,0,0,24,7,34,30,10,23,0,30,10,23,34,32,3,26,0,32,3,26,34,11,1,5,0,11,1,5,34,12,21,27,0,12,21,27,34,19,27,25,0,19,27,25,34,27,13,12,0,27,13,12,34,0,23,10,0,0,23,10,34,2,18,15,0,2,18,15,34,15,7,24,0,15,7,24,34,16,20,17,0,16,20,17,34,28,17,20,0,28,17,20,34,15,25,28,0,15,25,28,34,6,7,18,0,6,7,18,34,7,15,18,0,7,15,18,34,19,29,27,0,19,29,27,34,29,19,22,0,29,19,22,34,20,8,28,0,20,8,28,34,21,4,9,0,21,4,9,34,22,12,29,0,22,12,29,34,23,14,30,0,23,14,30,34,10,24,0,0,10,24,0,34,15,24,10,0,15,24,10,34,17,25,16,0,17,25,16,34,25,17,28,0,25,17,28,34,26,31,32,0,26,31,32,34,9,27,21,0,9,27,21,34,27,9,25,0,27,9,25,34,15,28,3,0,15,28,3,34,3,28,8,0,3,28,8,34,13,29,12,0,13,29,12,34,29,13,27,0,29,13,27,34,10,30,19,0,10,30,19,34,19,30,14,0,19,30,14,34,31,1,11,0,31,1,11,34,11,32,31,0,11,32,31,34,32,11,15,0,32,11,15]

}