{

"metadata":
{
"sourceFile": "sectors.max",
"generatedBy": "3ds max ThreeJSExporter",
"formatVersion": 3,
"vertices": 33,
"normals": 33,
"colors": 0,
"uvs": 0,
"triangles": 48,
"materials": 1
},

"materials": [
{
"DbgIndex" : 0,
"DbgName"  : "06_M",
"colorDiffuse"  : [1.0000, 0.0000, 0.9882],
"colorAmbient"  : [1.0000, 0.0000, 0.9882],
"colorSpecular"  : [0.9000, 0.9000, 0.9000],
"transparency"  : 1.0,
"specularCoef"  : 10.0,
"vertexColors" : false,
"shading": "Basic"
}

],

"vertices": [5.74332,7.59251e-005,11.2733,12.2206,7.59251e-005,2.99823,2.12762,7.59251e-005,1.68755,12.0632,0.769001,3.9103,10.4921,7.59251e-005,7.62086,6.60268,7.59251e-005,2.13472,3.59091,7.59251e-005,5.96041,3.59128,0.793778,5.95993,11.8483,-0.0142818,4.82006,10.4749,0.793778,7.6579,6.50566,0.793778,10.9761,12.2212,0.793778,2.9985,9.05461,7.59251e-005,9.26753,9.25025,0.793778,9.08734,7.42492,7.59251e-005,10.4897,6.60256,0.793778,2.13486,11.0698,7.59251e-005,6.7077,11.511,0.791058,5.82226,2.12002,0.793778,1.68925,8.05614,0.793778,10.0846,11.5226,-0.00356582,5.77275,9.80599,7.59251e-005,8.49238,8.25806,7.59251e-005,9.93245,6.52477,7.59251e-005,10.9603,5.74986,0.793778,11.2772,11.0608,0.793774,6.73984,12.0736,-0.0249977,3.82303,9.77431,0.793778,8.53977,11.8373,0.780358,4.88508,8.63117,0.793778,9.64741,7.39459,0.793778,10.5158,12.1967,-0.0286394,3.03038,12.1974,0.765063,3.03065],

"normals": [-0.926828,0.000664075,0.375486,0.151925,0.000207074,-0.988392,-0.946016,-0.00976228,0.323972,0.0068084,0.999952,-0.00698524,0.845008,-0.0120514,0.534617,0.151925,0.000204568,-0.988392,-0.926828,0.000664075,0.375486,-0.926828,0.000664075,0.375486,0.975316,-0.0114969,0.220516,0.842938,-0.00684938,0.537967,0.0,1.0,0.0,0.151925,0.000204568,-0.988392,0.717967,-0.0128906,0.695957,0.722292,-0.0211132,0.691266,0.555881,-0.0179382,0.831069,0.00100013,0.999999,0.000379971,0.845008,-0.0120514,0.534617,0.899906,-0.0139852,0.435859,-0.946016,-0.00976228,0.323972,1.28532e-007,1.0,-2.63321e-007,0.899906,-0.0139852,0.435859,0.717967,-0.0128906,0.695957,0.555881,-0.0179382,0.831069,0.459878,-0.00665989,0.887957,-0.926547,0.00576281,0.376134,0.845008,-0.0120514,0.534617,0.975316,-0.0114969,0.220516,0.717967,-0.0128906,0.695957,0.944337,-0.00667131,0.328913,0.0,1.0,0.0,0.459878,-0.00665989,0.887957,0.988145,-0.000865957,0.153518,-0.053449,0.930006,0.363638],

"colors": [],

"uvs": [[]],

"faces": [34,15,10,19,0,15,10,19,34,32,15,3,0,32,15,3,34,4,16,25,0,4,16,25,34,14,22,19,0,14,22,19,34,5,15,11,0,5,15,11,34,7,6,0,0,7,6,0,34,18,2,6,0,18,2,6,34,15,5,2,0,15,5,2,34,8,26,3,0,8,26,3,34,15,19,25,0,15,19,25,34,25,9,4,0,25,9,4,34,0,24,7,0,0,24,7,34,30,10,23,0,30,10,23,34,32,3,26,0,32,3,26,34,11,1,5,0,11,1,5,34,12,21,27,0,12,21,27,34,19,27,25,0,19,27,25,34,27,13,12,0,27,13,12,34,0,23,10,0,0,23,10,34,2,18,15,0,2,18,15,34,15,7,24,0,15,7,24,34,16,20,17,0,16,20,17,34,28,17,20,0,28,17,20,34,15,25,28,0,15,25,28,34,6,7,18,0,6,7,18,34,7,15,18,0,7,15,18,34,19,29,27,0,19,29,27,34,29,19,22,0,29,19,22,34,20,8,28,0,20,8,28,34,21,4,9,0,21,4,9,34,22,12,29,0,22,12,29,34,23,14,30,0,23,14,30,34,10,24,0,0,10,24,0,34,15,24,10,0,15,24,10,34,17,25,16,0,17,25,16,34,25,17,28,0,25,17,28,34,26,31,32,0,26,31,32,34,9,27,21,0,9,27,21,34,27,9,25,0,27,9,25,34,15,28,3,0,15,28,3,34,3,28,8,0,3,28,8,34,13,29,12,0,13,29,12,34,29,13,27,0,29,13,27,34,10,30,19,0,10,30,19,34,19,30,14,0,19,30,14,34,31,1,11,0,31,1,11,34,11,32,31,0,11,32,31,34,32,11,15,0,32,11,15]

}