{

"metadata":
{
"sourceFile": "sectors.max",
"generatedBy": "3ds max ThreeJSExporter",
"formatVersion": 3,
"vertices": 33,
"normals": 33,
"colors": 0,
"uvs": 0,
"triangles": 48,
"materials": 1
},

"materials": [
{
"DbgIndex" : 0,
"DbgName"  : "02_O",
"colorDiffuse"  : [1.0000, 0.5647, 0.0000],
"colorAmbient"  : [1.0000, 0.5647, 0.0000],
"colorSpecular"  : [0.9000, 0.9000, 0.9000],
"transparency"  : 1.0,
"specularCoef"  : 10.0,
"vertexColors" : false,
"shading": "Basic"
}

],

"vertices": [-11.9491,7.59251e-005,3.2203,-5.22549,7.59251e-005,11.2965,-1.81652,7.59251e-005,1.70667,-6.08388,0.769001,10.9504,-9.37984,7.59251e-005,8.63234,-3.19704,7.59251e-005,5.98689,-6.30183,7.59251e-005,2.23629,-6.30144,0.793778,2.23676,-6.92788,-0.0142818,10.5485,-9.41242,0.793778,8.60773,-11.8193,0.793778,4.02815,-5.22588,0.793778,11.2971,-10.6865,7.59251e-005,6.88002,-10.5516,0.793778,7.10925,-11.5376,7.59251e-005,5.0293,-3.19716,0.793778,5.98674,-8.60899,7.59251e-005,9.3896,-7.83645,0.791058,10.0075,-1.81658,0.793778,1.69888,-11.2747,0.793778,5.73173,-7.79051,-0.00356582,10.0293,-10.0871,7.59251e-005,7.77793,-11.1685,7.59251e-005,5.96119,-11.8078,7.59251e-005,4.05017,-11.9543,0.793778,3.22586,-8.63851,0.793774,9.37401,-6.00075,-0.0249977,10.9789,-10.1268,0.793778,7.73696,-6.98914,0.780358,10.5241,-10.9685,0.793778,6.38601,-11.5567,0.793778,4.99416,-5.25188,-0.0286394,11.2664,-5.25228,0.765063,11.267],

"normals": [-0.171659,0.000664057,-0.985156,0.934151,0.000207043,0.356877,-0.117258,-0.00976216,-0.993053,0.00539295,0.999952,0.00812798,-0.700742,-0.0120511,0.713313,0.934151,0.000204921,0.356878,-0.171659,0.000664057,-0.985156,-0.171659,0.000664057,-0.985156,-0.421171,-0.0114973,0.906908,-0.703581,-0.0068478,0.710582,0.0,1.0,0.0,0.934151,0.000204921,0.356878,-0.831674,-0.0128897,0.555114,-0.828,-0.0211136,0.560331,-0.929578,-0.0179393,0.368187,-0.000582266,0.999999,0.000897555,-0.700742,-0.0120511,0.713313,-0.615776,-0.0139846,0.787797,-0.117258,-0.00976217,-0.993053,2.30308e-007,1.0,1.81155e-007,-0.615776,-0.0139846,0.787797,-0.831674,-0.0128897,0.555114,-0.929578,-0.0179393,0.368187,-0.96495,-0.00666048,0.262348,-0.172351,0.00576354,-0.985019,-0.700742,-0.0120511,0.713313,-0.421171,-0.0114973,0.906908,-0.831675,-0.0128897,0.555114,-0.520601,-0.00667077,0.853774,0.0,1.0,0.0,-0.96495,-0.00666048,0.262348,-0.358383,-0.000864949,0.933574,-0.344199,0.930005,-0.128908],

"colors": [],

"uvs": [[]],

"faces": [34,15,10,19,0,15,10,19,34,32,15,3,0,32,15,3,34,4,16,25,0,4,16,25,34,14,22,19,0,14,22,19,34,5,15,11,0,5,15,11,34,7,6,0,0,7,6,0,34,18,2,6,0,18,2,6,34,15,5,2,0,15,5,2,34,8,26,3,0,8,26,3,34,15,19,25,0,15,19,25,34,25,9,4,0,25,9,4,34,0,24,7,0,0,24,7,34,30,10,23,0,30,10,23,34,32,3,26,0,32,3,26,34,11,1,5,0,11,1,5,34,12,21,27,0,12,21,27,34,19,27,25,0,19,27,25,34,27,13,12,0,27,13,12,34,0,23,10,0,0,23,10,34,2,18,15,0,2,18,15,34,15,7,24,0,15,7,24,34,16,20,17,0,16,20,17,34,28,17,20,0,28,17,20,34,15,25,28,0,15,25,28,34,6,7,18,0,6,7,18,34,7,15,18,0,7,15,18,34,19,29,27,0,19,29,27,34,29,19,22,0,29,19,22,34,20,8,28,0,20,8,28,34,21,4,9,0,21,4,9,34,22,12,29,0,22,12,29,34,23,14,30,0,23,14,30,34,10,24,0,0,10,24,0,34,15,24,10,0,15,24,10,34,17,25,16,0,17,25,16,34,25,17,28,0,25,17,28,34,26,31,32,0,26,31,32,34,9,27,21,0,9,27,21,34,27,9,25,0,27,9,25,34,15,28,3,0,15,28,3,34,3,28,8,0,3,28,8,34,13,29,12,0,13,29,12,34,29,13,27,0,29,13,27,34,10,30,19,0,10,30,19,34,19,30,14,0,19,30,14,34,31,1,11,0,31,1,11,34,11,32,31,0,11,32,31,34,32,11,15,0,32,11,15]

}