{

"metadata":
{
"sourceFile": "sectors.max",
"generatedBy": "3ds max ThreeJSExporter",
"formatVersion": 3,
"vertices": 33,
"normals": 33,
"colors": 0,
"uvs": 0,
"triangles": 48,
"materials": 1
},

"materials": [
{
"DbgIndex" : 0,
"DbgName"  : "04_G",
"colorDiffuse"  : [0.0471, 1.0000, 0.0000],
"colorAmbient"  : [0.0471, 1.0000, 0.0000],
"colorSpecular"  : [0.9000, 0.9000, 0.9000],
"transparency"  : 1.0,
"specularCoef"  : 10.0,
"vertexColors" : false,
"shading": "Basic"
}

],

"vertices": [-0.216432,7.59251e-005,-12.4313,-9.57477,7.59251e-005,-7.65085,-0.97084,7.59251e-005,-2.21415,-9.04816,0.769001,-8.41198,-6.06134,7.59251e-005,-11.1167,-4.84207,7.59251e-005,-4.50317,-0.499929,7.59251e-005,-6.706,-0.500471,0.793778,-6.70573,-8.47031,-0.0142818,-9.14679,-6.03016,0.793778,-11.1431,-1.03303,0.793778,-12.4826,-9.57525,0.793778,-7.65137,-4.06434,7.59251e-005,-12.0054,-4.31765,0.793778,-11.9243,-2.07164,7.59251e-005,-12.4282,-4.84191,0.793778,-4.50325,-6.96974,7.59251e-005,-10.5315,-7.74256,0.791058,-9.91395,-0.963222,0.793778,-2.21249,-2.81471,0.793778,-12.3264,-7.77394,-0.00356582,-9.87394,-5.07217,7.59251e-005,-11.6185,-3.06193,7.59251e-005,-12.2734,-1.05704,7.59251e-005,-12.4763,-0.220703,0.793778,-12.4377,-6.94803,0.793774,-10.5569,-9.0943,-0.0249977,-8.33718,-5.02348,0.793778,-11.6482,-8.43301,0.780358,-9.20116,-3.52035,0.793778,-12.1718,-2.03316,0.793778,-12.4391,-9.5396,-0.0286394,-7.66997,-9.54008,0.765063,-7.67049],

"normals": [0.998776,0.000663962,0.0494557,-0.553793,0.000206392,0.832655,0.994502,-0.00976217,0.10426,-0.0091159,0.999952,0.00347108,-0.541526,-0.0120506,-0.840598,-0.553793,0.000204489,0.832655,0.998776,0.000663962,0.0494557,0.998776,0.000663962,0.0494557,-0.791925,-0.0114983,-0.610511,-0.538238,-0.00684922,-0.842765,0.0,1.0,0.0,-0.553793,0.000204489,0.832655,-0.358381,-0.0128906,-0.933486,-0.364279,-0.0211139,-0.93105,-0.154487,-0.0179392,-0.987832,-0.000747329,0.999999,-0.000765595,-0.541526,-0.0120506,-0.840598,-0.632891,-0.0139837,-0.774115,0.994502,-0.00976217,0.10426,-2.27417e-007,1.0,1.84769e-007,-0.632891,-0.0139837,-0.774115,-0.358381,-0.0128906,-0.933486,-0.154487,-0.0179392,-0.987832,-0.0434588,-0.00666072,-0.999033,0.998794,0.00576315,0.0487497,-0.541526,-0.0120506,-0.840598,-0.791925,-0.0114983,-0.610511,-0.358381,-0.0128906,-0.933486,-0.718203,-0.00667001,-0.695802,0.0,1.0,0.0,-0.0434588,-0.00666072,-0.999033,-0.83176,-0.000864558,-0.555135,0.201528,0.930005,-0.307371],

"colors": [],

"uvs": [[]],

"faces": [34,15,10,19,0,15,10,19,34,32,15,3,0,32,15,3,34,4,16,25,0,4,16,25,34,14,22,19,0,14,22,19,34,5,15,11,0,5,15,11,34,7,6,0,0,7,6,0,34,18,2,6,0,18,2,6,34,15,5,2,0,15,5,2,34,8,26,3,0,8,26,3,34,15,19,25,0,15,19,25,34,25,9,4,0,25,9,4,34,0,24,7,0,0,24,7,34,30,10,23,0,30,10,23,34,32,3,26,0,32,3,26,34,11,1,5,0,11,1,5,34,12,21,27,0,12,21,27,34,19,27,25,0,19,27,25,34,27,13,12,0,27,13,12,34,0,23,10,0,0,23,10,34,2,18,15,0,2,18,15,34,15,7,24,0,15,7,24,34,16,20,17,0,16,20,17,34,28,17,20,0,28,17,20,34,15,25,28,0,15,25,28,34,6,7,18,0,6,7,18,34,7,15,18,0,7,15,18,34,19,29,27,0,19,29,27,34,29,19,22,0,29,19,22,34,20,8,28,0,20,8,28,34,21,4,9,0,21,4,9,34,22,12,29,0,22,12,29,34,23,14,30,0,23,14,30,34,10,24,0,0,10,24,0,34,15,24,10,0,15,24,10,34,17,25,16,0,17,25,16,34,25,17,28,0,25,17,28,34,26,31,32,0,26,31,32,34,9,27,21,0,9,27,21,34,27,9,25,0,27,9,25,34,15,28,3,0,15,28,3,34,3,28,8,0,3,28,8,34,13,29,12,0,13,29,12,34,29,13,27,0,29,13,27,34,10,30,19,0,10,30,19,34,19,30,14,0,19,30,14,34,31,1,11,0,31,1,11,34,11,32,31,0,11,32,31,34,32,11,15,0,32,11,15]

}