{

"metadata":
{
"sourceFile": "gems_game.max",
"generatedBy": "3ds max ThreeJSExporter",
"formatVersion": 3,
"vertices": 8,
"normals": 12,
"colors": 0,
"uvs": 24,
"triangles": 12,
"materials": 1
},

"materials": [
{
"DbgIndex" : 0,
"DbgName"  : "01 - Default",
"colorDiffuse"  : [0.8824, 0.8824, 0.8824],
"colorAmbient"  : [0.8824, 0.8824, 0.8824],
"colorSpecular"  : [0.9000, 0.9000, 0.9000],
"transparency"  : 0.9,
"specularCoef"  : 10.0,
"vertexColors" : false
}

],

"vertices": [-0.156907,9.3535e-005,0.150613,0.161991,9.3535e-005,0.150613,-0.156907,9.3523e-005,-0.0828715,0.20643,9.3535e-005,-0.136084,-0.156907,0.233094,0.150613,0.161991,0.138784,0.245606,-0.156907,0.152183,0.00156813,0.161991,0.233094,-0.136084],

"normals": [0.0,-1.0,0.0,0.0,-1.0,0.0,0.210803,0.948989,0.234481,-0.394189,0.807691,-0.438464,0.0,-0.565083,0.825034,-0.28548,0.0,0.958385,0.971103,0.185211,0.150522,1.0,0.0,0.0,-0.127007,0.481472,-0.86721,-0.379719,-0.0724208,-0.922263,-1.0,0.0,0.0,-1.0,0.0,0.0],

"colors": [],

"uvs": [[1.0,1.0,0.0,1.0,1.0,0.0,0.0,0.0,0.0,1.0,1.0,1.0,0.0,0.0,1.0,0.0,0.0,1.0,1.0,1.0,0.0,0.0,1.0,0.0,0.0,1.0,1.0,1.0,0.0,0.0,1.0,0.0,0.0,1.0,1.0,1.0,0.0,0.0,1.0,0.0,0.0,1.0,1.0,1.0,0.0,0.0,1.0,0.0]],

"faces": [42,0,2,3,0,0,2,3,0,0,0,42,3,1,0,0,3,1,0,1,1,1,42,4,5,7,0,4,5,7,2,2,2,42,7,6,4,0,7,6,4,3,3,3,42,0,1,5,0,8,9,11,4,4,4,42,5,4,0,0,11,10,8,5,5,5,42,1,3,7,0,12,13,15,6,6,6,42,7,5,1,0,15,14,12,7,7,7,42,3,2,6,0,16,17,19,8,8,8,42,6,7,3,0,19,18,16,9,9,9,42,2,0,4,0,20,21,23,10,10,10,42,4,6,2,0,23,22,20,11,11,11]

}