{

"metadata":
{
"sourceFile": "gems_game.max",
"generatedBy": "3ds max ThreeJSExporter",
"formatVersion": 3,
"vertices": 8,
"normals": 12,
"colors": 0,
"uvs": 24,
"triangles": 12,
"materials": 1
},

"materials": [
{
"DbgIndex" : 0,
"DbgName"  : "14 - Default",
"colorDiffuse"  : [0.0314, 0.0314, 0.0314],
"colorAmbient"  : [0.0314, 0.0314, 0.0314],
"colorSpecular"  : [0.9000, 0.9000, 0.9000],
"transparency"  : 0.9,
"specularCoef"  : 10.0,
"vertexColors" : false,
"shading": "Standard"
}

],

"vertices": [-0.15353,0.00186691,0.0907381,0.155787,0.00186691,0.0907381,-0.15353,0.0018669,-0.135731,0.198891,0.00186691,-0.0741044,-0.15353,0.100836,0.0907381,0.155787,0.136391,0.182876,-0.0731631,0.149387,-0.156872,0.00442561,0.227866,-0.0951718],

"normals": [0.0,-1.0,0.0,0.0,-1.0,0.0,-0.224381,0.882846,0.412598,-0.678182,0.730869,-0.0768103,0.0,-0.565083,0.825034,-0.28548,0.0,0.958385,0.734953,0.650317,0.192176,0.880464,0.267913,-0.391159,0.167686,-0.228774,-0.958928,0.413,0.274421,-0.868403,-1.0,0.0,0.0,-0.872694,0.44741,-0.195523],

"colors": [],

"uvs": [[1.0,1.0,0.0,1.0,1.0,0.0,0.0,0.0,0.0,1.0,1.0,1.0,0.0,0.0,1.0,0.0,0.0,1.0,1.0,1.0,0.0,0.0,1.0,0.0,0.0,1.0,1.0,1.0,0.0,0.0,1.0,0.0,0.0,1.0,1.0,1.0,0.0,0.0,1.0,0.0,0.0,1.0,1.0,1.0,0.0,0.0,1.0,0.0]],

"faces": [42,0,2,3,0,0,2,3,0,0,0,42,3,1,0,0,3,1,0,1,1,1,42,4,5,7,0,4,5,7,2,2,2,42,7,6,4,0,7,6,4,3,3,3,42,0,1,5,0,8,9,11,4,4,4,42,5,4,0,0,11,10,8,5,5,5,42,1,3,7,0,12,13,15,6,6,6,42,7,5,1,0,15,14,12,7,7,7,42,3,2,6,0,16,17,19,8,8,8,42,6,7,3,0,19,18,16,9,9,9,42,2,0,4,0,20,21,23,10,10,10,42,4,6,2,0,23,22,20,11,11,11]

}