{

"metadata":
{
"sourceFile": "table.max",
"generatedBy": "3ds max ThreeJSExporter",
"formatVersion": 3,
"vertices": 148,
"normals": 148,
"colors": 0,
"uvs": 36,
"triangles": 268,
"materials": 4
},

"materials": [
{
"DbgIndex" : 0,
"DbgName"  : "02 - Default",
"colorDiffuse"  : [0.5882, 0.5882, 0.5882],
"colorAmbient"  : [0.5882, 0.5882, 0.5882],
"colorSpecular"  : [0.9000, 0.9000, 0.9000],
"transparency"  : 1.0,
"specularCoef"  : 10.0,
"mapDiffuse"    : "wood_2.jpg",
"vertexColors" : false
},

{
"DbgIndex" : 1,
"DbgName"  : "dummy",
"colorDiffuse"  : [1.0000, 0.0000, 0.0000],
"vertexColors" : false
},

{
"DbgIndex" : 2,
"DbgName"  : "01 - Default",
"colorDiffuse"  : [0.5882, 0.5882, 0.5882],
"colorAmbient"  : [0.5882, 0.5882, 0.5882],
"colorSpecular"  : [0.9000, 0.9000, 0.9000],
"transparency"  : 1.0,
"specularCoef"  : 1.0,
"mapDiffuseWrap": ["repeat", "repeat"],
"mapDiffuse"    : "wood.jpg",
"vertexColors" : false,
"shading": "Phong"
},

{
"DbgIndex" : 3,
"DbgName"  : "Material #3",
"colorDiffuse"  : [0.5880, 0.5880, 0.5880],
"colorAmbient"  : [0.5880, 0.5880, 0.5880],
"colorSpecular"  : [0.9000, 0.9000, 0.9000],
"transparency"  : 1.0,
"specularCoef"  : 10.0,
"vertexColors" : false
}

],

"vertices": [9.34035,0.0,-1.09463,6.56857,0.0,-1.09463,6.56857,0.0,1.0752,9.34035,0.0,1.0752,5.87007,1.16729,1.0752,8.31065,1.52371,1.0752,8.31065,1.52371,-1.09463,5.87007,1.16729,-1.09463,5.11805,3.39575,1.0752,7.60888,3.22169,1.0752,7.60888,3.22169,-1.09463,5.11805,3.39575,-1.09463,4.82692,5.68584,1.0752,7.26389,5.09095,1.0752,7.26389,5.09095,-1.09463,4.82692,5.68584,-1.09463,5.07248,8.22113,1.0752,7.28989,6.86341,1.0752,7.28989,6.86341,-1.09463,5.07248,8.22113,-1.09463,5.75705,10.1606,1.0752,7.68569,8.65751,1.0752,7.68569,8.65751,-1.09463,5.75705,10.1606,-1.09463,6.73694,12.1267,1.0752,8.97585,12.1232,1.0752,8.97585,12.1232,-1.09463,6.73694,12.1267,-1.09463,9.34035,0.0,-1.09463,6.56857,0.0,-1.09463,6.56857,0.0,1.0752,9.34035,0.0,1.0752,5.87007,1.16729,1.0752,8.31065,1.52371,1.0752,8.31065,1.52371,-1.09463,5.87007,1.16729,-1.09463,5.11805,3.39575,1.0752,7.60888,3.22169,1.0752,7.60888,3.22169,-1.09463,5.11805,3.39575,-1.09463,4.82692,5.68584,1.0752,7.26389,5.09095,1.0752,7.26389,5.09095,-1.09463,4.82692,5.68584,-1.09463,5.07248,8.22113,1.0752,7.28989,6.86341,1.0752,7.28989,6.86341,-1.09463,5.07248,8.22113,-1.09463,5.75705,10.1606,1.0752,7.68569,8.65751,1.0752,7.68569,8.65751,-1.09463,5.75705,10.1606,-1.09463,6.73694,12.1267,1.0752,8.97585,12.1232,1.0752,8.97585,12.1232,-1.09463,6.73694,12.1267,-1.09463,-5.52808,0.0,-7.50929,-4.14218,0.0,-5.10886,-2.26306,0.0,-6.19377,-3.64895,0.0,-8.59421,-1.9138,1.16729,-5.58885,-3.13409,1.52371,-7.70245,-5.01322,1.52371,-6.61754,-3.79293,1.16729,-4.50393,-1.5378,3.39575,-4.93759,-2.78321,3.22169,-7.09471,-4.66234,3.22169,-6.00979,-3.41693,3.39575,-3.85267,-1.39223,5.68584,-4.68546,-2.61072,5.09095,-6.79594,-4.48984,5.09095,-5.71102,-3.27136,5.68584,-3.60054,-1.51501,8.22113,-4.89812,-2.62371,6.86341,-6.81845,-4.50284,6.86341,-5.73353,-3.39414,8.22113,-3.8132,-1.8573,10.1606,-5.49097,-2.82162,8.65751,-7.16123,-4.70074,8.65751,-6.07631,-3.73642,10.1606,-4.40606,-2.34724,12.1267,-6.33958,-3.46669,12.1232,-8.27853,-5.34582,12.1232,-7.19362,-4.22637,12.1267,-5.25467,-3.64895,0.0,8.57478,-2.26306,0.0,6.17435,-4.14219,0.0,5.08943,-5.52808,0.0,7.48986,-3.79293,1.16729,4.48451,-5.01322,1.52371,6.59811,-3.13409,1.52371,7.68302,-1.9138,1.16729,5.56942,-3.41693,3.39575,3.83324,-4.66234,3.22169,5.99037,-2.78321,3.22169,7.07528,-1.5378,3.39575,4.91816,-3.27136,5.68584,3.58111,-4.48984,5.09095,5.69159,-2.61072,5.09095,6.77651,-1.39223,5.68584,4.66603,-3.39414,8.22113,3.79377,-4.50284,6.86341,5.71411,-2.62371,6.86341,6.79902,-1.51501,8.22113,4.87869,-3.73642,10.1606,4.38663,-4.70074,8.65751,6.05688,-2.82162,8.65751,7.1418,-1.8573,10.1606,5.47155,-4.22637,12.1267,5.23524,-5.34582,12.1232,7.17419,-3.46669,12.1232,8.25911,-2.34724,12.1267,6.32015,13.5179,12.0748,-0.117692,12.7057,12.0748,-4.72393,10.367,12.0748,-8.77458,6.78401,12.0748,-11.7811,2.38879,12.0748,-13.3808,-2.2885,12.0748,-13.3808,-6.68372,12.0748,-11.7811,-10.2667,12.0748,-8.77458,-12.6054,12.0748,-4.72393,-13.4176,12.0748,-0.117694,-12.6054,12.0748,4.48854,-10.2667,12.0748,8.5392,-6.68373,12.0748,11.5457,-2.28851,12.0748,13.1454,2.38878,12.0748,13.1454,6.784,12.0748,11.5457,10.367,12.0748,8.53921,12.7057,12.0748,4.48855,13.5179,12.7708,-0.117692,12.7057,12.7708,-4.72393,10.367,12.7708,-8.77459,6.78401,12.7708,-11.7811,2.38879,12.7708,-13.3808,-2.28851,12.7708,-13.3808,-6.68372,12.7708,-11.7811,-10.2667,12.7708,-8.77459,-12.6054,12.7708,-4.72393,-13.4176,12.7708,-0.117694,-12.6054,12.7708,4.48854,-10.2667,12.7708,8.5392,-6.68373,12.7708,11.5457,-2.28851,12.7708,13.1454,2.38878,12.7708,13.1454,6.784,12.7708,11.5457,10.367,12.7708,8.53921,12.7057,12.7708,4.48855],